id,task_type,source,regulation,context,question,answer,answer_type,difficulty
REG_001,REG,SEBI,"SEBI (Issue of Capital and Disclosure Requirements) Regulations, 2018","An issuer shall be eligible to make an initial public offer only if: (a) it has net tangible assets of at least three crore rupees, calculated on a restated and consolidated basis, in each of the preceding three full years (of twelve months each), of which not more than fifty per cent. are held in monetary assets; (b) it has an average operating profit of at least fifteen crore rupees, calculated on a restated and consolidated basis, during the preceding three years (of twelve months each), with operating profit in each of these preceding three years; (c) it has a net worth of at least one crore rupees in each of the preceding three full years (of twelve months each), calculated on a restated and consolidated basis.","What is the minimum average operating profit an issuer must have over the preceding three years to be eligible to make an initial public offer under SEBI ICDR Regulations, 2018?",At least fifteen crore rupees,extractive,Easy
REG_002,REG,SEBI,"SEBI (Issue of Capital and Disclosure Requirements) Regulations, 2018",An issuer not satisfying the condition stipulated in sub-regulation (1) shall be eligible to make an initial public offer only if the issue is made through the book-building process and the issuer undertakes to allot at least seventy five per cent. of the net offer to qualified institutional buyers and to refund the full subscription money if it fails to do so.,"Under SEBI ICDR Regulations, 2018, what percentage of the net offer must an issuer that does not meet the standard eligibility criteria undertake to allot to qualified institutional buyers?",At least seventy five per cent.,extractive,Easy
REG_003,REG,SEBI,"SEBI (Issue of Capital and Disclosure Requirements) Regulations, 2018","The promoters shall hold at least twenty per cent. of the post-issue capital: Provided that in case the post-issue shareholding of the promoters is less than twenty per cent., alternative investment funds, or foreign venture capital investors, or scheduled commercial banks, or public financial institutions, or insurance companies registered with the Insurance Regulatory and Development Authority of India or any non-individual public shareholder holding at least five per cent. of the post-issue capital may contribute to meet the shortfall in minimum contribution as specified for the promoters, subject to a maximum of ten per cent. of the post-issue capital.","Under SEBI ICDR Regulations, 2018, what is the minimum percentage of post-issue capital that promoters must hold following a public issue?",At least twenty per cent.,extractive,Easy
REG_004,REG,SEBI,"SEBI (Issue of Capital and Disclosure Requirements) Regulations, 2018","In an issue made through the book building process, the issuer may allocate up to sixty per cent. of the portion available for allocation to qualified institutional buyers to anchor investors in accordance with these regulations. One-third of the anchor investor portion shall be reserved for domestic mutual funds.","Under SEBI ICDR Regulations, 2018, what fraction of the anchor investor portion in a book-built issue is reserved for domestic mutual funds?",One-third,extractive,Medium
REG_005,REG,SEBI,"SEBI (Issue of Capital and Disclosure Requirements) Regulations, 2018","The minimum promoters' contribution shall be locked in for a period of eighteen months from the date of allotment in the initial public offer. Provided that in case the majority of the issue proceeds excluding the portion of offer for sale is proposed to be utilized for capital expenditure, then the lock-in period shall be three years from the date of allotment in the initial public offer. Promoters' holding in excess of minimum promoters' contribution shall be locked-in for a period of six months from the date of allotment in the initial public offer.","Under SEBI ICDR Regulations, 2018, for how long is the minimum promoters' contribution in an IPO locked-in where the majority of proceeds are to be used for capital expenditure?",Three years from the date of allotment in the initial public offer,extractive,Medium
REG_006,REG,SEBI,"SEBI (Issue of Capital and Disclosure Requirements) Regulations, 2018",An anchor investor means a qualified institutional buyer who makes an application for a value of at least ten crore rupees in a public issue on the main board made through the book building process in accordance with these regulations or makes an application for a value of at least two crore rupees for an issue made in accordance with Chapter IX of these regulations.,"What is the minimum application value for an entity to qualify as an anchor investor in a public issue on the main board under SEBI ICDR Regulations, 2018?",At least ten crore rupees,extractive,Easy
REG_007,REG,SEBI,"SEBI (Substantial Acquisition of Shares and Takeovers) Regulations, 2011","No acquirer shall acquire shares or voting rights in a target company which taken together with shares or voting rights, if any, held by him and by persons acting in concert with him in such target company, entitle them to exercise twenty-five per cent or more of the voting rights in such target company unless the acquirer makes a public announcement of an open offer for acquiring shares of such target company.","Under SEBI Takeover Regulations 2011, at what threshold of voting rights does an acquirer become obligated to make a public announcement of an open offer?",Twenty-five per cent or more of the voting rights,extractive,Easy
REG_008,REG,SEBI,"SEBI (Substantial Acquisition of Shares and Takeovers) Regulations, 2011","No acquirer, who together with persons acting in concert with him, has acquired and holds shares or voting rights entitling him to exercise twenty-five per cent or more but less than the maximum permissible non-public shareholding in the target company, shall acquire within any financial year additional shares or voting rights in such target company entitling them to exercise more than five per cent of the voting rights, unless the acquirer makes a public announcement of an open offer for acquiring shares.","Under SEBI Takeover Regulations 2011, an acquirer holding 25% or more in a target company may acquire up to what percentage of additional voting rights in a financial year without triggering an open offer obligation?",More than five per cent of the voting rights,extractive,Medium
REG_009,REG,SEBI,"SEBI (Alternative Investment Funds) Regulations, 2012","Each scheme of the Alternative Investment Fund shall have corpus of at least twenty crore rupees. The Alternative Investment Fund shall not accept from an investor, an investment of value less than one crore rupees: Provided that in case of investors who are employees or directors of the Alternative Investment Fund or employees or directors of the Manager, the minimum value of investment shall be twenty five lakh rupees.","What is the minimum investment amount an employee or director of the Manager of an Alternative Investment Fund must make in the AIF under SEBI AIF Regulations, 2012?",Twenty five lakh rupees,extractive,Medium
REG_010,REG,SEBI,"SEBI (Alternative Investment Funds) Regulations, 2012","The Manager or Sponsor shall have a continuing interest in the Alternative Investment Fund of not less than two and half percent of the corpus or five crore rupees, whichever is lower, in the form of investment in the Alternative Investment Fund and such interest shall not be through the waiver of management fees: Provided that for Category III Alternative Investment Fund, the continuing interest shall be not less than five percent of the corpus or ten crore rupees, whichever is lower.","Under SEBI AIF Regulations, 2012, what is the minimum continuing interest that the Manager or Sponsor must maintain in a Category III Alternative Investment Fund?","Not less than five percent of the corpus or ten crore rupees, whichever is lower",extractive,Medium
REG_011,REG,SEBI,"SEBI (Listing Obligations and Disclosure Requirements) Regulations, 2015",The audit committee shall have minimum three directors as members. At least two-thirds of the members of audit committee shall be independent directors. All members of audit committee shall be financially literate and at least one member shall have accounting or related financial management expertise. The audit committee shall meet at least four times in a financial year and not more than one hundred and twenty days shall elapse between two consecutive meetings.,"Under SEBI LODR Regulations 2015, what is the maximum permissible gap between two consecutive audit committee meetings?",One hundred and twenty days,extractive,Easy
REG_012,REG,SEBI,"SEBI (Listing Obligations and Disclosure Requirements) Regulations, 2015","A transaction with a related party shall be considered material if the transaction(s) to be entered into individually or taken together with previous transactions during a financial year, exceeds Rupees one thousand crore or ten per cent. of the annual consolidated turnover of the listed entity as per the last audited financial statements of the listed entity, whichever is lower.","Under SEBI LODR Regulations 2015, a related party transaction is considered material if it exceeds what threshold — Rupees one thousand crore or ten per cent of annual consolidated turnover, whichever is lower?","Rupees one thousand crore or ten per cent of the annual consolidated turnover of the listed entity as per the last audited financial statements, whichever is lower",extractive,Medium
REG_013,REG,SEBI,"SEBI (Prohibition of Insider Trading) Regulations, 2015","Every company shall notify the particulars of trades by designated persons to the stock exchange on which the securities are listed within two trading days of receipt of the disclosure or becoming aware of the trade, as the case may be.","Under SEBI PIT Regulations 2015, within how many trading days must a company notify the stock exchange of trades by designated persons after receiving a disclosure?",Within two trading days,extractive,Easy
REG_014,REG,SEBI,"SEBI (Prohibition of Insider Trading) Regulations, 2015",The compliance officer shall approve or reject the trading plan within two trading days of the submission of the trading plan and communicate to the designated person. No trade shall be executed in terms of a trading plan until there is a cooling-off period of at least sixty days before the commencement of trades under such plan.,"Under SEBI PIT Regulations 2015, what is the mandatory cooling-off period that must elapse before trades can commence under an approved trading plan?",At least sixty days,extractive,Easy
REG_015,REG,SEBI,"SEBI (Settlement Proceedings) Regulations, 2018","An application in respect of any specified proceeding pending before the Board shall not be considered if it is made after sixty days from the date of service of the notice to show cause issued for initiation of such proceeding. Provided that no such delayed application shall be considered if the application is filed after one hundred and twenty calendar days from the expiry of the period specified in sub-regulation (1) or after the first hearing, whichever is earlier.","Under SEBI Settlement Proceedings Regulations 2018, what is the absolute latest deadline — counted from expiry of the sixty-day window — after which no settlement application in a specified proceeding will be considered?","One hundred and twenty calendar days from the expiry of the sixty-day period, or after the first hearing, whichever is earlier",extractive,Hard
REG_016,REG,SEBI,"SEBI (Settlement Proceedings) Regulations, 2018","An applicant who withdraws an application under sub-regulation (1) shall not be permitted to make another application in respect of the same default: Provided that in a case where an application was earlier rejected by the Board on the ground that the applicant did not remit the settlement amount within the period specified, such an application may be considered subject to an increase of atleast fifty percent over the settlement amount determined in accordance with Schedule-II of these Regulations.","Under SEBI Settlement Proceedings Regulations 2018, by what minimum percentage must the settlement amount be increased if an applicant re-applies after rejection due to non-payment of the earlier determined settlement amount?",At least fifty percent,extractive,Medium
REG_017,REG,SEBI,"SEBI (Mutual Funds) Regulations, 1996 (as amended upto 2026)","The Board may issue observations, if any, within 21 working days from the date of filing of the scheme information document. The exit load of an open-ended mutual fund scheme shall not exceed three per cent of the applicable net asset value. Any exit load charged to the investors shall be credited to the respective scheme.","Under SEBI Mutual Funds Regulations, what is the maximum exit load that an open-ended mutual fund scheme can charge investors?",Three per cent of the applicable net asset value,extractive,Easy
REG_018,REG,SEBI,"SEBI (Mutual Funds) Regulations, 1996 (as amended upto 2026)","Where the mutual fund fails to receive the minimum subscription amount referred to in the offer document, the asset management company shall refund the subscription amount to the applicants without any exit load. If seventy-five per cent of the unit holders of a scheme pass a resolution for its winding up, the trustees shall wind up such scheme, and shall initiate the winding up process within forty-five calendar days from the date of publication of notice under sub-regulation.","Under SEBI Mutual Funds Regulations, what percentage of unit holders must pass a resolution to trigger the winding up of a mutual fund scheme?",Seventy-five per cent of the unit holders,extractive,Easy
REG_019,REG,SEBI,"SEBI (Stock Brokers) Regulations, 2026",The trading member/clearing member/self-clearing member/professional clearing member shall comply with the following minimum net worth requirements: Trading Member — 1 crore; Self-Clearing Member — 5 crore; Clearing Member — 15 crore; Professional Clearing Member — 50 crore. The stock broker may act as an underwriter only out of its own net worth/funds and the underwriting obligation shall not exceed twenty times of the net worth.,"Under SEBI Stock Brokers Regulations 2026, what is the minimum net worth requirement for a Professional Clearing Member?",50 crore,extractive,Easy
REG_020,REG,SEBI,"SEBI (Issue and Listing of Non-Convertible Securities) Regulations, 2021",The issuer shall send notice to all the eligible holders of such non-convertible securities and the debenture trustee at least twenty-one days before the date from which such right is exercisable. The period of exercise of the buy-back right shall not be less than three working days.,"Under SEBI NCS Regulations 2021, what is the minimum notice period that an issuer must provide to holders of non-convertible securities before a buy-back right becomes exercisable?",At least twenty-one days,extractive,Easy
REG_021,REG,SEBI,"SEBI (Real Estate Investment Trusts) Regulations, 2014",A REIT shall have a minimum asset size of five hundred crore rupees or more for the purpose of issuing units to at least two hundred investors so as to be listed on a recognised stock exchange. The net asset value or NAV means the value of the REIT assets reduced by the external debt divided by the number of outstanding units as on a particular date.,"Under SEBI REIT Regulations 2014, what is the minimum asset size required for a REIT to issue units for listing on a recognised stock exchange?",Five hundred crore rupees or more,extractive,Easy
REG_022,REG,SEBI,"SEBI (Registrars to an Issue and Share Transfer Agents) Regulations, 2025","Every registrar to an issue and share transfer agent shall maintain the records relating to each issue for a minimum period of eight years after completion of the issue. In the event of cancellation or surrender of the certificate of registration, the registrar shall ensure that all records are transferred to the respective issuer company or another registered share transfer agent within thirty days.","Under SEBI RTI & STA Regulations 2025, for how long must a registrar to an issue maintain records relating to each issue after its completion?",A minimum period of eight years,extractive,Medium
REG_023,REG,SEBI,"SEBI (Stock Exchanges and Clearing Corporations) Regulations, 2018","A recognised stock exchange shall not be eligible for recognition if any person, individually or together with persons acting in concert with such person, acquires or holds or controls more than five per cent of the paid-up equity share capital of the recognised stock exchange, unless the prior written approval of the Board has been obtained. Provided that the limit of five per cent shall be fifteen per cent in the case of stock exchanges, depositories, banking companies, insurance companies, and public financial institutions.","Under SEBI Stock Exchanges and Clearing Corporations Regulations 2018, what is the maximum shareholding percentage a single entity can hold in a recognised stock exchange without prior written approval of the Board?",Five per cent of the paid-up equity share capital,extractive,Medium
REG_024,REG,SEBI,"SEBI (Credit Rating Agencies) Regulations, 1999","No credit rating agency shall rate a security issued by its promoter. A credit rating agency which has a shareholding in the issuer of the security being rated, of more than ten per cent of the paid-up share capital of that issuer, shall not rate the security. A credit rating agency shall not employ a person who is a director or employee of the issuer whose security is being rated.","Under SEBI Credit Rating Agencies Regulations 1999, above what percentage shareholding in an issuer does a credit rating agency become prohibited from rating that issuer's securities?",More than ten per cent of the paid-up share capital,extractive,Medium
REG_025,REG,SEBI,"SEBI (Depositories and Participants) Regulations, 2018","A depository shall not be eligible to carry on its activities as a depository if any person, individually or together with persons acting in concert, holds or acquires more than five per cent of the paid-up equity share capital of such depository, unless the prior approval of the Board has been obtained for the same. A participant shall be a person registered as a participant under the Act.","Under SEBI Depositories and Participants Regulations 2018, what is the threshold shareholding in a depository that triggers the requirement for prior Board approval?",More than five per cent of the paid-up equity share capital,extractive,Medium
NUM_001,NUM,SEBI,"SEBI (Issue of Capital and Disclosure Requirements) Regulations, 2018","An issuer shall be eligible to make an initial public offer only if: (a) it has net tangible assets of at least three crore rupees, calculated on a restated and consolidated basis, in each of the preceding three full years; (b) it has an average operating profit of at least fifteen crore rupees during the preceding three years, with operating profit in each of these preceding three years; (c) it has a net worth of at least one crore rupees in each of the preceding three full years.","Under SEBI ICDR Regulations 2018, what is the minimum total net tangible assets an eligible issuer must have cumulatively demonstrated across all three preceding years (treating each year's minimum separately)?",Nine crore rupees (three crore rupees per year × three years),calculated,Medium
NUM_002,NUM,SEBI,"SEBI (Issue of Capital and Disclosure Requirements) Regulations, 2018","In an issue made through the book building process, the issuer may allocate up to sixty per cent. of the portion available for allocation to qualified institutional buyers to anchor investors. One-third of the anchor investor portion shall be reserved for domestic mutual funds. The bidding for anchor investors shall open one day before the issue opening date.","If the total portion available for allocation to qualified institutional buyers in a book-built IPO is 900 crore rupees, what is the maximum amount (in crore rupees) that can be allocated to anchor investors who are domestic mutual funds?",180 crore rupees (60% of 900 = 540 crore for anchor investors; one-third of 540 = 180 crore for domestic mutual funds),calculated,Medium
NUM_003,NUM,SEBI,"SEBI (Stock Brokers) Regulations, 2026",The stock broker may act as an underwriter only out of its own net worth/funds and the underwriting obligation shall not exceed twenty times of the net worth. Trading Member minimum net worth: 1 crore; Self-Clearing Member: 5 crore; Clearing Member: 15 crore; Professional Clearing Member: 50 crore.,"Under SEBI Stock Brokers Regulations 2026, what is the maximum underwriting obligation a Self-Clearing Member can undertake, given its minimum net worth requirement?",100 crore rupees (5 crore net worth × 20 = 100 crore),calculated,Medium
NUM_004,NUM,SEBI,"SEBI (Alternative Investment Funds) Regulations, 2012","The Manager or Sponsor shall have a continuing interest in the Alternative Investment Fund of not less than two and half percent of the corpus or five crore rupees, whichever is lower. For Category III Alternative Investment Fund, the continuing interest shall be not less than five percent of the corpus or ten crore rupees, whichever is lower. Each scheme of the Alternative Investment Fund shall have corpus of at least twenty crore rupees.","For a Category I AIF with a scheme corpus of exactly twenty crore rupees, what is the minimum continuing interest the Manager or Sponsor must maintain — in crore rupees — as per SEBI AIF Regulations 2012?","0.50 crore rupees (2.5% of 20 crore = 0.50 crore, which is lower than 5 crore)",calculated,Hard
NUM_005,NUM,SEBI,"SEBI (Mutual Funds) Regulations, 1996 (as amended upto 2026)","The asset management company shall repay the amount at the rate of fifteen per cent per annum for the period of delay to the unitholders, as the case may be. Any borrowing by a scheme shall not exceed twenty per cent of the net assets of the scheme and the duration of such borrowing shall not exceed six months.","If a mutual fund scheme with net assets of 500 crore rupees borrows the maximum permissible amount for the maximum permissible duration, what is the interest liability at the penalty rate of 15% per annum for the maximum 6-month borrowing period?",7.5 crore rupees (20% of 500 = 100 crore borrowed; 15% per annum for 6 months = 7.5% of 100 = 7.5 crore),calculated,Hard
NUM_006,NUM,SEBI,"SEBI (Listing Obligations and Disclosure Requirements) Regulations, 2015",The audit committee shall have minimum three directors as members. At least two-thirds of the members of audit committee shall be independent directors. The audit committee shall meet at least four times in a financial year and not more than one hundred and twenty days shall elapse between two consecutive meetings.,"For a listed entity whose audit committee has the minimum permissible number of members under SEBI LODR Regulations 2015, what is the minimum number of those members who must be independent directors?","Two independent directors (two-thirds of minimum 3 members = 2, since two-thirds of 3 = 2)",calculated,Medium
NUM_007,NUM,SEBI,"SEBI (Settlement Proceedings) Regulations, 2018","An application in respect of any specified proceeding pending before the Board shall not be considered if it is made after sixty days from the date of service of the notice to show cause. Where the application is filed after sixty calendar days from the expiry of the period specified in sub-regulation (1), the settlement amount determined in accordance with Schedule-II shall be increased. No such delayed application shall be considered if the application is filed after one hundred and twenty calendar days from the expiry of the sixty-day period.","Under SEBI Settlement Proceedings Regulations 2018, what is the total maximum number of calendar days from the date of service of a show cause notice within which a settlement application can be filed (including the initial sixty-day window and the additional delayed period)?",180 calendar days (60 days initial window + 120 days additional delayed period = 180 days total),calculated,Hard
NUM_008,NUM,SEBI,"SEBI (Substantial Acquisition of Shares and Takeovers) Regulations, 2011","A share shall be deemed to be frequently traded if the traded turnover on any stock exchange during the twelve calendar months preceding the calendar month in which the public announcement is required to be made under these regulations, is at least ten per cent of the total number of shares of such class of the target company. Where the acquirer or persons acting in concert with him acquires shares of the target company during the period of twenty-six weeks after the tendering period at a price higher than the offer price, the acquirer shall pay to all shareholders who accepted the open offer, the difference between the highest price paid during the twenty-six weeks period and the offer price.","Under SEBI Takeover Regulations 2011, if an acquirer pays Rs. 250 per share in an open offer but then buys shares in the open market at Rs. 300 per share within the twenty-six-week post-tendering period, what additional amount per share must be paid to shareholders who accepted the open offer?",Rs. 50 per share (Rs. 300 highest price minus Rs. 250 offer price = Rs. 50 difference),calculated,Medium
NUM_009,NUM,SEBI,"SEBI (Issue of Capital and Disclosure Requirements) Regulations, 2018",The tenure of warrants issued in an initial public offer shall not exceed eighteen months from the date of their allotment. The warrant holder shall exercise the option to acquire equity shares against each warrant within three months from the date of payment of warrant exercise price. At least twenty-five per cent. of the warrant consideration shall be paid upfront and disclosed in the offer document.,"Under SEBI ICDR Regulations 2018, if a warrant is allotted on 1 January 2024, what is the latest calendar date on which the warrant holder can exercise the option to acquire equity shares, assuming the warrant exercise price is paid on the last permissible day?",1 October 2025 (warrant tenure ends 18 months from allotment = 1 July 2025; exercise option within 3 months from payment = 1 October 2025),calculated,Hard
NUM_010,NUM,SEBI,"SEBI (Listing Obligations and Disclosure Requirements) Regulations, 2015","The maximum time gap of one hundred and twenty days between any two consecutive board meetings shall apply to listed entities. A listed entity whose paid-up share capital exceeds rupees ten crore or net worth exceeds rupees twenty-five crore, as at the end of the previous financial year, shall comply with the requirement of having at least one woman director on the board of directors.","Under SEBI LODR Regulations 2015, if a listed entity holds its first board meeting on 1 April of a financial year, by what latest date must the second board meeting be held?",By 29 July of the same year (1 April + 120 days = 29 July),calculated,Medium
NUM_011,NUM,SEBI,"SEBI (Alternative Investment Funds) Regulations, 2012","Category III Alternative Investment Funds shall invest not more than ten per cent of the investable funds in an Investee Company directly or through investment in units of other AIFs. The Alternative Investment Fund shall not accept from an investor, an investment of value less than one crore rupees. No scheme of the Alternative Investment Fund shall have more than one thousand investors.","Under SEBI AIF Regulations 2012, if a Category III AIF scheme has investable funds of 500 crore rupees and invests the maximum permissible amount in a single investee company, how much can it invest in that company?",50 crore rupees (10% of 500 crore = 50 crore),calculated,Easy
NUM_012,NUM,SEBI,"SEBI (Mutual Funds) Regulations, 1996 (as amended upto 2026)",The board of directors of asset management company must comprise at least fifty per cent of independent directors. The custodian in which fifty per cent or more of the directors represent the interest of the mutual fund shall not act as custodian for that mutual fund. An asset management company shall not invest more than ten per cent of the aggregate value of securities purchases or sales during any financial year through any single broker.,"Under SEBI Mutual Funds Regulations, an AMC's board has 8 directors. What is the minimum number who must be independent directors?",Four independent directors (at least 50% of 8 = 4),calculated,Easy
CON_001,CON,SEBI,,,Do the two passages prescribe different lock-in periods for minimum promoters' contribution in the general (non-capital-expenditure) case?,Yes,yes_no,Medium
CON_002,CON,SEBI,,,Do the two passages prescribe different lock-in durations for excess promoters' shares versus non-promoter pre-issue shares in an IPO?,No,yes_no,Medium
CON_003,CON,SEBI,,,Do the two passages prescribe different minimum continuing interest thresholds for Category I/II AIFs versus Category III AIFs under SEBI AIF Regulations 2012?,Yes,yes_no,Easy
CON_004,CON,SEBI,,,Do the two passages prescribe different maximum permissible gaps between consecutive meetings for the board and the audit committee respectively?,No,yes_no,Easy
CON_005,CON,SEBI,,,Do the two passages impose different shareholding thresholds triggering mandatory Board approval for acquisitions in recognised stock exchanges versus depositories?,No,yes_no,Hard
CON_006,CON,SEBI,,,Do the two passages prescribe different disclosure timelines for companies versus asset management companies under SEBI PIT Regulations 2015?,No,yes_no,Medium
CON_007,CON,SEBI,,,Do the two passages contradict each other regarding whether a second settlement application can ever be made for the same default?,No,yes_no,Hard
CON_008,CON,SEBI,,,Do the two passages prescribe different tests for disqualifying a custodian from acting for a mutual fund based on its relationship with the sponsor?,Yes,yes_no,Hard
CON_009,CON,SEBI,,,Do the two passages collectively indicate that the 50% monetary asset limit always applies to every IPO regardless of its structure?,No,yes_no,Medium
CON_010,CON,SEBI,,,Do the two passages impose the same advance notice period for different types of securities actions under SEBI regulations?,No,yes_no,Hard
CON_011,CON,SEBI,,,Do the two passages prescribe different minimum corpus requirements for social impact funds versus other AIF schemes?,Yes,yes_no,Easy
CON_012,CON,SEBI,,,Do the two passages indicate that the same open offer trigger threshold applies to all listed companies regardless of the platform on which they are listed?,No,yes_no,Medium
TMP_001,TMP,SEBI,"SEBI (Issue of Capital and Disclosure Requirements) Regulations, 2018","These regulations may be called the Securities and Exchange Board of India (Issue of Capital and Disclosure Requirements) Regulations, 2018. They shall come into force on the sixtieth day from the date of its publication in the Official Gazette. The definition of 'key managerial personnel' was substituted by the SEBI (Issue of Capital and Disclosure Requirements) (Amendment) Regulations, 2023, w.e.f. 31.01.2023. Prior to its substitution, 'key managerial personnel' referred to officers forming part of the core management team excluding board of directors.","Under SEBI ICDR Regulations, which definition of 'key managerial personnel' is currently in force — the one aligning with Companies Act 2013 sub-section (51) of section 2, or the earlier definition referring to the core management team excluding board members?","The definition aligning with Companies Act 2013 sub-section (51) of section 2, effective from 31.01.2023",extractive,Medium
TMP_002,TMP,SEBI,"SEBI (Issue of Capital and Disclosure Requirements) Regulations, 2018","The minimum promoters' contribution lock-in was originally set at three years from the date of commencement of commercial production or allotment, whichever is later. This was subsequently substituted by the SEBI (Issue of Capital and Disclosure Requirements) (Third Amendment) Regulations, 2021, w.e.f. 13.08.2021, replacing the three-year lock-in with eighteen months from the date of allotment in the initial public offer (except where proceeds are used for capital expenditure).",Which lock-in regime for minimum promoters' contribution applied before 13 August 2021 — three years or eighteen months?,"Three years from the date of commencement of commercial production or date of allotment, whichever is later",extractive,Easy
TMP_003,TMP,SEBI,"SEBI (Listing Obligations and Disclosure Requirements) Regulations, 2015","The SEBI (LODR) Regulations, 2015 were published in the Official Gazette on 2nd September 2015, and shall come into force on the ninetieth day from the date of their publication: Provided that the provisions of sub-regulation (4) of regulation 23 and regulation 31A shall come into force on the date of notification of these regulations. The definition of 'mainstream media' was inserted by the SEBI (LODR) (Second Amendment) Regulations, 2023 w.e.f. 15.7.2023.","Under SEBI LODR Regulations 2015, which provisions came into force on the date of notification itself rather than after the ninety-day waiting period?",Sub-regulation (4) of regulation 23 and regulation 31A,extractive,Hard
TMP_004,TMP,SEBI,"SEBI (Substantial Acquisition of Shares and Takeovers) Regulations, 2011","These regulations shall come into force on the thirtieth day from the date of their publication in the Official Gazette and were published on 23rd September, 2011. The definition of 'Delisting Regulations' was inserted by the SEBI (Substantial Acquisition of Shares and Takeovers) (Third Amendment) Regulations, 2021, w.e.f. 6-12-2021. Previously, the regulations did not contain an explicit definition of 'Delisting Regulations' as a defined term.",Was the term 'Delisting Regulations' a defined term in the SEBI Takeover Regulations 2011 at the time those regulations came into force in October 2011?,"No — the definition of 'Delisting Regulations' was only inserted by the Third Amendment Regulations, 2021, effective from 6 December 2021",extractive,Medium
TMP_005,TMP,SEBI,"SEBI (Issue of Capital and Disclosure Requirements) Regulations, 2018","The term 'innovators growth platform' was substituted by the SEBI (ICDR) (Second Amendment) Regulations, 2019, w.e.f 05.04.2019. Prior to its substitution, it was referred to as 'institutional trading platform' and was defined as the trading platform for listing and trading of specified securities of issuers that comply with the eligibility criteria specified in regulation 288. After the amendment, it is defined as the trading platform for listing and trading of specified securities of issuers that comply with the eligibility criteria specified in regulation 283.",What was the name of the trading platform for emerging issuers under SEBI ICDR Regulations before 5 April 2019?,Institutional trading platform,extractive,Easy
TMP_006,TMP,SEBI,"SEBI (Issue of Capital and Disclosure Requirements) Regulations, 2018","The definition of 'associate' in SEBI ICDR Regulations was substituted by the SEBI (ICDR) (Amendment) Regulations, 2025, w.e.f. 08.03.2025. Prior to its substitution, 'associate' was defined as 'a person which is an associate of the issuer and as defined under the Companies Act, 2013'. After the amendment, 'associate' means a person or any entity which is an associate under sub-section (6) of section 2 of the Companies Act, 2013 or under the applicable accounting standards.",Which amendment to SEBI ICDR Regulations broadened the definition of 'associate' to also include entities qualifying as associates under applicable accounting standards?,"The SEBI (ICDR) (Amendment) Regulations, 2025, effective from 08.03.2025",extractive,Medium
TMP_007,TMP,SEBI,"SEBI (Listing Obligations and Disclosure Requirements) Regulations, 2015","The definition of 'non-convertible debt securities' in SEBI LODR Regulations was substituted by the SEBI (LODR) (Fifth Amendment) Regulations, 2021 w.e.f. 7.9.2021. Before substitution, clause (t) defined non-convertible debt securities as 'debt securities' as defined under the SEBI (Issue and Listing of Debt Securities) Regulations, 2008. After the amendment, it aligned with the definition under the SEBI (Issue and Listing of Non-Convertible Securities) Regulations, 2021.","Before 7 September 2021, which SEBI regulations were cross-referenced in SEBI LODR Regulations 2015 for the definition of 'non-convertible debt securities'?","The SEBI (Issue and Listing of Debt Securities) Regulations, 2008",extractive,Medium
TMP_008,TMP,SEBI,"SEBI (Alternative Investment Funds) Regulations, 2012","Funds registered as venture capital funds under the Securities and Exchange Board of India (Venture Capital Funds) Regulations, 1996 shall be governed by the said regulations for a period of five years from the commencement of the SEBI (AIF) Regulations, 2012, provided that the existing fund shall not increase the targeted corpus of the fund. Venture capital funds may seek registration under the AIF Regulations as migrated venture capital funds in terms of Chapter III-D, within twelve months of notification of the relevant regulations.","Under SEBI AIF Regulations 2012, how long could funds registered under the earlier SEBI Venture Capital Funds Regulations, 1996 continue to be governed by those older regulations before being required to migrate?","Five years from the commencement of the SEBI (AIF) Regulations, 2012",extractive,Medium
TMP_009,TMP,SEBI,"SEBI (Issue of Capital and Disclosure Requirements) Regulations, 2018","The SEBI (ICDR) Regulations, 2018 were amended as follows in relation to the draft letter of offer: Prior to 08.03.2025, the draft letter of offer was required to be filed with the Board. By the SEBI (ICDR) (Amendment) Regulations, 2025 w.e.f. 08.03.2025, the requirement was changed such that the draft letter of offer is filed with the stock exchange(s) instead of the Board.","Under SEBI ICDR Regulations, where was the draft letter of offer filed before the 2025 amendment?",With the Board (SEBI),extractive,Medium
TMP_010,TMP,SEBI,"SEBI (Listing Obligations and Disclosure Requirements) Regulations, 2015","The term 'main board' in SEBI LODR Regulations was originally cross-referenced to regulation 106N of the SEBI (ICDR) Regulations, 2009. This cross-reference was substituted by the SEBI (LODR) (Second Amendment) Regulations, 2021 w.e.f. 5.5.2021 to refer instead to regulation 2(ee) of the SEBI (Issue of Capital and Disclosure Requirements) Regulations, 2018.","After May 2021, which regulation number in which SEBI regulations defines the term 'main board' for the purposes of SEBI LODR Regulations 2015?","Regulation 2(ee) of the SEBI (Issue of Capital and Disclosure Requirements) Regulations, 2018",extractive,Hard
TMP_011,TMP,SEBI,"SEBI (Substantial Acquisition of Shares and Takeovers) Regulations, 2011","The SEBI Takeover Regulations 2011 came into force on the thirtieth day from the date of their publication on 23 September 2011. The phrase 'is required to be made under these regulations' in the definition of 'frequently traded shares' was substituted by the SEBI (Substantial Acquisition of Shares and Takeovers) (Second Amendment) Regulations, 2018, w.e.f. 11-09-2018. Prior to this amendment, the phrase read as 'is made'.","Before September 2018, what phrase was used in the SEBI Takeover Regulations 2011 in the definition of 'frequently traded shares' in place of 'is required to be made under these regulations'?",Is made,extractive,Hard
TMP_012,TMP,SEBI,"SEBI (Merchant Bankers) Regulations, 1992","The SEBI (Merchant Bankers) Regulations, 1992 were among the earliest set of SEBI regulations, establishing the regulatory framework for merchant banking in India. The definition of 'principal officer' was amended to require that such person shall have at least five years of experience in merchant banking activities. The definition of 'certificate' was also amended to remove the category classification from the phrase 'certificate of registration', changing it from 'certificate of category registration' to 'certificate of registration'.",The SEBI (Merchant Bankers) Regulations 1992 were enacted under which SEBI Act and year?,"The Securities and Exchange Board of India Act, 1992",extractive,Easy
TMP_013,TMP,SEBI,"SEBI (Mutual Funds) Regulations, 1996 (as amended upto 2026)","The SEBI (Mutual Funds) Regulations were originally notified in 1996. The definition of 'NAV' or 'Net Asset Value' was introduced as a defined term as part of later amendments. The definition of 'exit load' was inserted to mean the charge or fee levied by the mutual fund at the time of redemption or switch. The definition of 'total expense ratio' was also introduced, defined as the ratio of total of all expenses charged to the investors of a scheme to its daily net assets.","Which set of SEBI regulations originally established the regulatory framework for mutual funds in India that continues to govern mutual funds today, as reflected in the 2026 consolidated version?","The SEBI (Mutual Funds) Regulations, 1996",extractive,Easy
TMP_014,TMP,SEBI,"SEBI (Real Estate Investment Trusts) Regulations, 2014","The term 'sponsor group' was substituted for 'sponsor(s)' by the SEBI (Real Estate Investment Trusts) (Amendment) Regulations, 2016. Prior to this amendment, the relevant provisions referred only to 'sponsors'. The term 'inducted sponsor' was inserted by a subsequent amendment and means any person who has been inducted as a sponsor of the REIT after its initial registration. The term 're-designated sponsor' was further added in a later amendment.",What term was used in SEBI REIT Regulations 2014 before the 2016 amendment replaced it with the broader term 'sponsor group'?,Sponsor(s),extractive,Medium
TMP_015,TMP,SEBI,"SEBI (Issue of Capital and Disclosure Requirements) Regulations, 2018","The SEBI (ICDR) Regulations 2018 superseded the SEBI (Issue of Capital and Disclosure Requirements) Regulations, 2009. The 2018 regulations were notified on the 60th day from publication. The definition of 'financial year' was inserted by the SEBI (ICDR) (Amendment) Regulations, 2025 w.e.f. 08.03.2025. Prior to this amendment, the ICDR Regulations 2018 did not contain an explicit definition of 'financial year' as a standalone defined term.",Which was enacted earlier — the SEBI (ICDR) Regulations 2009 or the SEBI (ICDR) Regulations 2018?,"The SEBI (ICDR) Regulations, 2009 was enacted earlier",extractive,Easy
TMP_016,TMP,SEBI,"SEBI (Listing Obligations and Disclosure Requirements) Regulations, 2015","The SEBI LODR Regulations, 2015 were published on 2 September 2015. The provision regarding 'fugitive economic offender' was inserted by the SEBI (LODR) (Sixth Amendment) Regulations, 2018, w.e.f. 16.11.2018, following the enactment of the Fugitive Economic Offenders Act, 2018. Prior to November 2018, the LODR Regulations did not contain any reference to fugitive economic offenders.",In which year was the concept of 'fugitive economic offender' first incorporated into the SEBI LODR Regulations 2015?,"2018, effective from 16 November 2018",extractive,Medium
TMP_017,TMP,SEBI,"SEBI (Alternative Investment Funds) Regulations, 2012","The SEBI (AIF) Regulations, 2012 were the first set of regulations governing the alternative investment fund industry in India in a consolidated manner. The provision permitting social impact funds to issue 'social units' and to raise funds from social investors was inserted by the SEBI (Alternative Investment Funds) (Third Amendment) Regulations, 2022, w.e.f 25.07.2022. Before July 2022, social impact funds could not issue social units under the AIF Regulations.","Under SEBI AIF Regulations, from which date could social impact funds start issuing 'social units' under the AIF regulatory framework?","25 July 2022, following the Third Amendment Regulations, 2022",extractive,Medium
REG_067,REG,SEBI,,"The stock exchange, the clearing corporation, the depository or the specified self regulatory organization, as the case may be, shall examine the eligibility of the applicant in terms of these regulations, relevant regulations and the rules, regulations or bye-laws of the concerned stock exchange, clearing corporation, depository or the self regulatory organization and forward the application with the application fees to the Board along with its recommendation as early as possible but not later than thirty days of receipt of the complete application with the specified application fees.",Within how many days must a stock exchange forward a completed registration application to SEBI after receiving it?,Thirty days,extractive,Easy
REG_068,REG,SEBI,,Any material change in the information furnished or uploaded under these regulations shall be updated by the intermediary promptly but not later than fifteen days of the occurrence of such change.,"Within how many days must an intermediary update material changes to the information it has furnished or uploaded under SEBI (Intermediaries) Regulations, 2008?",Fifteen days,extractive,Easy
REG_069,REG,SEBI,,"The intermediary shall make endeavours to redress investor grievances promptly but not later than forty-five days of receipt thereof and when called upon by the Board to do so, shall furnish the details of such complaint and action taken therefor to the Board within the time specified by the Board.","What is the maximum time within which an intermediary must redress investor grievances under SEBI (Intermediaries) Regulations, 2008?",Forty-five days of receipt of the grievance,extractive,Easy
REG_070,REG,SEBI,,"Where an application is rejected for the reason that it contains false or misleading information, no such opportunity may be given and the applicant shall not make any application for grant of certificate under these regulations or any other regulations for a period of one year from the date of such rejection.",For how long is an applicant barred from making a fresh registration application if their application is rejected for containing false or misleading information?,One year from the date of rejection,extractive,Easy
REG_071,REG,SEBI,,"A request for prior approval, under clause (a) of sub regulation (1) which is complete in all respects shall be disposed off by the Board within a period of sixty days from the date of receipt of such request and where the decision of the Board has not been communicated to the intermediary within the said period of sixty days, the prior approval shall be deemed to have been granted.","Under SEBI (Intermediaries) Regulations 2008, within how many days must SEBI dispose of a complete prior approval request for change in status or constitution? What is deemed to happen if SEBI fails to communicate its decision within this period?","Sixty days. If SEBI fails to communicate within sixty days, prior approval shall be deemed to have been granted.",extractive,Medium
REG_072,REG,SEBI,,Each intermediary shall prominently display a photocopy of the certificate at all its offices including branch offices. The intermediary shall also prominently display the name and contact details of the compliance officer to whom complaint may be made in the event of any investor grievance.,"What two things must a SEBI-registered intermediary prominently display at all its offices, including branch offices?","A photocopy of the certificate of registration, and the name and contact details of the compliance officer.",extractive,Easy
REG_073,REG,SEBI,,"Subject to compliance with the provisions of the Act, these regulations and the relevant regulations, the certificate granted to an intermediary shall be permanent unless surrendered by the intermediary or suspended or cancelled in accordance with these regulations.",Under what three circumstances can a permanent certificate granted to an intermediary under SEBI (Intermediaries) Regulations 2008 cease to be valid?,"If the certificate is surrendered by the intermediary, or suspended, or cancelled in accordance with the regulations.",extractive,Medium
REG_074,REG,SEBI,,"""large value accredited investor"" means an accredited investor who has entered into an agreement with the portfolio manager for a minimum investment amount of ten crore rupees.","What minimum investment amount must an accredited investor commit to a portfolio manager in order to qualify as a 'large value accredited investor' under SEBI (Portfolio Managers) Regulations, 2020?",Ten crore rupees,extractive,Easy
REG_075,REG,SEBI,,"The maximum limit of any buy-back shall be twenty-five per cent or less of the aggregate of paid-up capital and free reserves of the company, based on the standalone or consolidated financial statements of the company, whichever sets out a lower amount.","What is the maximum permissible limit for any buy-back as a percentage of the aggregate of paid-up capital and free reserves, and on which financial statements is it based?","Twenty-five per cent, based on standalone or consolidated financial statements, whichever sets out a lower amount.",extractive,Easy
REG_076,REG,SEBI,,"The ratio of the aggregate of secured and unsecured debts owed by the company to the paid-up capital and free reserves after buy-back shall be less than or equal to 2:1, based on the standalone or consolidated financial statements of the company, whichever is lower.","What is the maximum debt-to-capital ratio (secured plus unsecured debts to paid-up capital and free reserves) permitted after a buy-back under SEBI (Buy-Back of Securities) Regulations, 2018?",2:1,extractive,Easy
REG_077,REG,SEBI,,"A company shall not make any offer of buy-back within a period of one year reckoned from the date of expiry of buyback period of the preceding offer of buy-back, if any.","Under SEBI (Buy-Back of Securities) Regulations 2018, how long must a company wait after the expiry of a preceding buy-back period before making another buy-back offer?",One year from the date of expiry of the buyback period of the preceding offer.,extractive,Easy
REG_078,REG,SEBI,,A company may undertake a buy-back of its own shares or other specified securities out of (a) its free reserves; (b) the securities premium account; or (c) the proceeds of the issue of any shares or other specified securities: Provided that no such buy-back shall be made out of the proceeds of an earlier issue of the same kind of shares or same kind of other specified securities.,From which three sources may a company fund a buy-back of its shares under SEBI (Buy-Back of Securities) Regulations 2018? Is there any restriction on using proceeds of an earlier issue?,"Free reserves, securities premium account, or proceeds of issue of shares or specified securities. A company cannot use proceeds of an earlier issue of the same kind of shares or specified securities.",extractive,Medium
REG_079,REG,SEBI,,"No company shall directly or indirectly purchase its own shares or other specified securities: (a) through any subsidiary company including its own subsidiary companies; (b) through any investment company or group of investment companies; or (c) if a default is made by the company in the repayment of deposits...Provided that the buy-back is not prohibited, if the default is remedied and a period of three years has lapsed after such default ceased to subsist.",A company defaulted on repayment of a term loan. The default was remedied. After how long can the company conduct a buy-back?,After three years have lapsed since the default ceased to subsist.,extractive,Medium
REG_080,REG,SEBI,,"""compulsory delisting"" means delisting of equity shares of a company by a recognised stock exchange under Chapter V of these regulations.","How does SEBI (Delisting of Equity Shares) Regulations, 2021 define 'compulsory delisting'?",Delisting of equity shares of a company by a recognised stock exchange under Chapter V of these regulations.,extractive,Easy
REG_081,REG,SEBI,,"""bidding period"" means the period within which shareholders may tender their shares in acceptance of the offer for delisting of equity shares of the company made under these regulations.","What is the 'bidding period' as defined in SEBI (Delisting of Equity Shares) Regulations, 2021?",The period within which shareholders may tender their shares in acceptance of the offer for delisting of equity shares of the company.,extractive,Easy
REG_082,REG,SEBI,,These regulations shall come into force on the ninetieth day from the date of their publication in the Official Gazette.,"When did the SEBI (Research Analysts) Regulations, 2014 come into force relative to their date of publication?",On the ninetieth day from the date of publication in the Official Gazette.,extractive,Easy
REG_083,REG,SEBI,,"""independent research analyst"" means a person whose only business activity is research analysis or preparation and/or publication of research report.","Under SEBI (Research Analysts) Regulations 2014, who qualifies as an 'independent research analyst'?",A person whose only business activity is research analysis or preparation and/or publication of research report.,extractive,Easy
REG_084,REG,RBI,,"These Directions shall be called the Reserve Bank of India (Small Finance Banks - Prudential Norms on Declaration of Dividend) Directions, 2026. These Directions shall come into effect from Financial Year (FY) 2026-27.","From which financial year do the Reserve Bank of India (Small Finance Banks - Prudential Norms on Declaration of Dividend) Directions, 2026 come into effect?",Financial Year 2026-27,extractive,Easy
REG_085,REG,RBI,,These Directions shall be applicable to Small Finance Banks (SFBs) (hereinafter collectively referred to as 'banks' and individually as a 'bank').,"To which category of banks do the RBI (Small Finance Banks - Prudential Norms on Declaration of Dividend) Directions, 2026 apply?",Small Finance Banks (SFBs),extractive,Easy
REG_086,REG,RBI,,"A bank which satisfies the eligibility criteria laid down in paragraph 7 above may declare and pay dividend up to the limits prescribed under Table 1 below, but in aggregate not exceeding 75% of the PAT for the period for which the dividend is being proposed.","Under the RBI SFB Dividend Directions 2026, what is the maximum aggregate dividend a Small Finance Bank can declare, regardless of its Tier 1 Capital Ratio bucket?",Not exceeding 75% of the PAT for the period for which the dividend is proposed.,extractive,Easy
REG_087,REG,RBI,,"The Board of Directors while considering the proposal for declaration of dividend of a bank shall consider the following: (1) The divergence in asset classification and provisioning for Non-Performing Assets (NPAs), including its trend, as observed under supervisory findings of the Reserve Bank; (2) Auditors' Report to the financial statements, including modified opinion or Emphasis of Matter, for the financial year in which the dividend is proposed; (3) Current and projected capital position vis-a-vis applicable regulatory capital requirement; and (4) Long term growth plans.",What four factors must the Board of Directors of a Small Finance Bank consider when evaluating a dividend proposal under the RBI SFB Dividend Directions 2026?,1. Divergence in NPA classification and provisioning as observed in RBI supervisory findings; 2. Auditors' Report including modified opinion or Emphasis of Matter; 3. Current and projected capital position versus regulatory capital requirement; 4. Long term growth plans.,extractive,Medium
REG_088,REG,RBI,,A bank declaring dividend shall report details thereof as per the format prescribed in Annex II. The report shall be furnished to the Department of Supervision of the Reserve Bank within a fortnight of declaration of dividend.,"After declaring a dividend, within what time period must a Small Finance Bank submit its dividend report to the Department of Supervision of the Reserve Bank?",Within a fortnight (two weeks) of the declaration of dividend.,extractive,Easy
REG_089,REG,RBI,,"A bank shall meet the following prudential requirements, to be eligible to declare dividends: (4) The bank shall not be under any explicit restrictions for declaration of dividends from the Reserve Bank or any other authority.","Under the RBI SFB Dividend Directions 2026, is a bank eligible to declare dividends if the Reserve Bank has placed an explicit restriction on it?",No. A bank that is under any explicit restrictions for declaration of dividends from the Reserve Bank or any other authority is not eligible to declare dividends.,extractive,Easy
REG_090,REG,RBI,,'Adjusted Profit After Tax (PAT)' means PAT of the financial year for which the dividend is proposed to be paid minus 50 per cent of Net NPA as on March 31 of the financial year for which the dividend is to be paid.,How is 'Adjusted Profit After Tax (PAT)' defined under the RBI SFB Dividend Directions 2026?,PAT of the financial year for which the dividend is proposed minus 50% of Net NPA as on March 31 of that financial year.,extractive,Medium
REG_091,REG,RBI,,"Section A of the Directions on implementation of Legal Entity Identifier (LEI) shall come into force with immediate effect. Section B of the Directions on implementation of Unique Transaction Identifier (UTI) shall come into effect from January 01, 2027.","Under the RBI Master Direction on Unique Identifiers in Financial Markets 2026, when does the section on Unique Transaction Identifier (UTI) implementation come into effect?","January 01, 2027",extractive,Easy
REG_092,REG,RBI,,Entities without an LEI code shall not be eligible to undertake transactions in the financial markets regulated by the Reserve Bank. Entities shall ensure that their LEI code is considered current under the rules of the global LEI system and has not lapsed.,"Under the RBI Master Direction on Unique Identifiers 2026, are entities without an LEI code permitted to transact in RBI-regulated financial markets?",No. Entities without an LEI code are not eligible to undertake transactions in the financial markets regulated by the Reserve Bank.,extractive,Easy
REG_093,REG,RBI,,"For users / clients undertaking non-derivative foreign exchange transactions, the LEI code shall be applicable only for transactions involving an amount equivalent to or exceeding USD one million or equivalent thereof in other currencies.","For non-derivative foreign exchange transactions, at what minimum transaction amount does the LEI requirement become applicable to users and clients under the RBI Master Direction on Unique Identifiers 2026?",USD one million or equivalent thereof in other currencies.,extractive,Medium
REG_094,REG,RBI,,"The Stocks will be issued for a minimum amount of Rs. 10,000/- (nominal) and in multiples of Rs. 10,000/- thereafter.","What is the minimum nominal amount for which Government of India dated securities are issued in the auction, and in what multiples are they issued thereafter?","Minimum ₹10,000 (nominal), in multiples of ₹10,000 thereafter.",extractive,Easy
NUM_067,NUM,RBI,,"'Adjusted Profit After Tax (PAT)' means PAT of the financial year for which the dividend is proposed to be paid minus 50 per cent of Net NPA as on March 31 of the financial year for which the dividend is to be paid.

Illustration 1: Net profit (PAT) for FY 20X1-X2 (A): ₹17,000 crore. Net NPAs as on March 31, 20X2 (B): ₹6,500 crore. Adjusted PAT, i.e., (C) = (A) - 50% of (B).","Using the formula for Adjusted PAT, calculate the Adjusted PAT for a Small Finance Bank with PAT of ₹17,000 crore and Net NPA of ₹6,500 crore.","₹13,750 crore. Calculation: ₹17,000 - (50% × ₹6,500) = ₹17,000 - ₹3,250 = ₹13,750 crore.",calculated,Easy
NUM_068,NUM,RBI,,"Table 1: Bucket B4 — Tier 1 Capital Ratio as at the end of previous FY: Above 11.5% and up to 13.5% — Dividend allowed as a % of adjusted PAT: 40.

Illustration 1: Tier 1 Capital ratio as on March 31, 20X1 (D): 11.72%. The CET1 ratio falls in bucket B4. Adjusted PAT: ₹13,750 crore. Max payable as per Table 1 (40% of 13,750) (F): 5,500.","A Small Finance Bank has a Tier 1 Capital Ratio of 11.72% and an Adjusted PAT of ₹13,750 crore. According to Table 1 of the RBI SFB Dividend Directions 2026, what is the maximum dividend allowable under the bucket framework?","₹5,500 crore. Calculation: Bank falls in Bucket B4 (above 11.5% and up to 13.5%), which allows 40% of Adjusted PAT. 40% × ₹13,750 = ₹5,500 crore.",calculated,Medium
NUM_069,NUM,RBI,,"A bank which satisfies the eligibility criteria may declare and pay dividend up to the limits prescribed under Table 1 below, but in aggregate not exceeding 75% of the PAT for the period for which the dividend is being proposed.

Illustration 1: Net profit (PAT) for FY 20X1-X2 (A): ₹17,000 crore. 75% of PAT (E): ₹12,750. Max payable as per Table 1 (F): ₹5,500. Maximum Eligible Dividend (i.e., Lower of E or F): 5,500.","Under RBI SFB Dividend Directions 2026, the Maximum Eligible Dividend is the lower of 75% of PAT or the Table 1 limit. For a bank with PAT of ₹17,000 crore and a Table 1 limit of ₹5,500 crore, what is the Maximum Eligible Dividend?","₹5,500 crore. This is the lower of 75% of PAT (₹12,750 crore) and the Table 1 limit (₹5,500 crore).",calculated,Medium
NUM_070,NUM,RBI,,"Illustration 1: Net profit (PAT) for FY 20X1-X2 (A): ₹17,000 crore. Maximum Eligible Dividend (i.e., Lower of E or F): 5,500. Maximum Eligible Dividend as percentage of PAT: 32.35%.","In Illustration 1 of the RBI SFB Dividend Directions 2026, the Maximum Eligible Dividend is ₹5,500 crore and the PAT is ₹17,000 crore. What is the Maximum Eligible Dividend as a percentage of PAT?","32.35%. Calculation: (₹5,500 ÷ ₹17,000) × 100 = 32.35%.",calculated,Medium
NUM_071,NUM,RBI,,"Illustration 3: Net profit (PAT) for FY 20X1-X2 (A): 1500. Net NPAs as on March 31, 20X2 (B): 300. Adjusted PAT, i.e., (C) = (A) - 50% of (B): 1,350. Tier 1 capital ratio as on March 31, 20X1 (D): 24.36%. The CET1 ratio falls in bucket B10. 75% of PAT (E): 1,125. Maximum payable as per Table (100% of 1,350) (F): 1,350. Maximum Eligible Dividend (i.e., G = Lower of E or F): 1,125. Interim dividend paid for FY 20X1-20X2 (H): 500. As the bank has already paid interim dividend of ₹500 crore, the final dividend shall not be more than (G) - (H).","In Illustration 3, a Small Finance Bank has Maximum Eligible Dividend of ₹1,125 crore and has already paid an interim dividend of ₹500 crore. What is the maximum permissible final dividend?","₹625 crore. Calculation: Maximum Eligible Dividend (₹1,125 crore) minus interim dividend already paid (₹500 crore) = ₹625 crore.",calculated,Medium
NUM_072,NUM,RBI,,"Illustration 2: Net profit (PAT) for FY 20X1-X2 (A): 40,500 crore. Net NPAs as on March 31, 20X2 (B): 5,000 crore. Adjusted PAT i.e., (C) = (A) - 50% of (B): 38,000 crore. Tier 1 Capital ratio as on March 31, 20X1 (D): 15%. The CET1 ratio falls in bucket B5.","A Small Finance Bank has a PAT of ₹40,500 crore and Net NPA of ₹5,000 crore. What is its Adjusted PAT as defined in the RBI SFB Dividend Directions 2026?","₹38,000 crore. Calculation: ₹40,500 - (50% × ₹5,000) = ₹40,500 - ₹2,500 = ₹38,000 crore.",calculated,Easy
NUM_073,NUM,RBI,,"Illustration 2: Adjusted PAT i.e., (C): 38,000 crore. Tier 1 Capital ratio (D): 15%. The CET1 ratio falls in bucket B5. 75% of PAT (E): 30,375. Max payable as per Table 1 (50% of 38,000) (F): 19,000. Maximum Eligible Dividend (i.e., Lower of E or F): 19,000. Maximum Eligible Dividend as percentage of PAT: 46.91%.","In Illustration 2, with Adjusted PAT of ₹38,000 crore and Bucket B5 (50% limit), what is the maximum dividend allowed per Table 1, and what is 75% of PAT (₹40,500 crore)?","Maximum per Table 1: ₹19,000 crore (50% × ₹38,000). 75% of PAT: ₹30,375 crore (75% × ₹40,500). The Maximum Eligible Dividend is ₹19,000 crore, being the lower of the two.",calculated,Hard
NUM_074,NUM,RBI,,"Government of India (GoI) has announced the sale (re-issue) of two dated securities for a notified amount of ₹29,000 crore as per the following details:
1. 6.68% GS 2040 Jul 07, 2040 — ₹17,000 crore
2. 7.43% GS 2076 Jan 19, 2076 — ₹12,000 crore
Total: ₹29,000 crore
GoI will have the option to retain additional subscription up to ₹2,000 crore against each security mentioned above.","In the GoI dated securities auction announced on March 28, 2026, what is the maximum total amount the Government of India can raise if it exercises the greenshoe option on both securities?","₹33,000 crore. Calculation: Notified amount ₹29,000 crore + greenshoe of ₹2,000 crore per security × 2 securities = ₹29,000 + ₹4,000 = ₹33,000 crore.",calculated,Medium
NUM_075,NUM,RBI,,"Government of India (GoI) has announced the sale (re-issue) of two dated securities:
1. 6.68% GS 2040 — ₹17,000 crore, repayment Jul 07, 2040
2. 7.43% GS 2076 — ₹12,000 crore, repayment Jan 19, 2076
Settlement Date: April 06, 2026","In the GoI dated securities auction announced on March 28, 2026, what is the total notified amount for the 7.43% GS 2076 security, and what fraction of the total auction amount does it represent?","₹12,000 crore. It represents approximately 41.4% of the total notified amount (₹12,000 ÷ ₹29,000 × 100 ≈ 41.4%).",calculated,Medium
NUM_076,NUM,RBI,,"The following State Governments have offered to sell stock by way of auction, for an aggregate amount of ₹57,408 Crore (Face Value).","What is the total aggregate face value amount offered by all State Governments in the revised State Government securities auction announced on March 21, 2026?","₹57,408 crore",extractive,Easy
NUM_077,NUM,RBI,,"Andhra Pradesh: 1500 (17 year), 1500 (20 year), 900 (25 year) — all yield-based auctions. Total amount to be raised by Andhra Pradesh: 3900 crore.","How much in total is Andhra Pradesh seeking to raise across all three of its securities in the revised State Government auction of March 21, 2026?","₹3,900 crore. Calculation: ₹1,500 + ₹1,500 + ₹900 = ₹3,900 crore.",calculated,Easy
NUM_078,NUM,RBI,,"Karnataka: 2000 (05 year), 2000 (08 year), 2000 (10 year and 06 months), 2000 (11 year and 06 months), 2000 (15 year) — all yield-based.","What is the total amount Karnataka is raising across all its five securities in the revised State Government auction of March 24, 2026?","₹10,000 crore. Calculation: ₹2,000 × 5 securities = ₹10,000 crore.",calculated,Easy
NUM_079,NUM,RBI,,"Calendar for Issuance of Government of India Dated Securities (April 01, 2026 to September 30, 2026). Total: 8,20,000 crore.","What is the total amount of Government of India dated securities to be issued during the first half of FY 2026-27, i.e., April to September 2026?","₹8,20,000 crore",extractive,Easy
NUM_080,NUM,RBI,,"Auction Week 1 (April 01-03, 2026): ₹29,000 crore — (i) 15 Year for ₹17,000 crore (ii) 50 Year for ₹12,000 crore.
Auction Week 2 (April 06-10, 2026): ₹34,000 crore — (i) 10 Year for ₹34,000 crore.","In the GoI securities issuance calendar for H1 FY2026-27, what is the combined amount to be auctioned in the first two auction weeks (April 01-03 and April 06-10, 2026)?","₹63,000 crore. Calculation: ₹29,000 (Week 1) + ₹34,000 (Week 2) = ₹63,000 crore.",calculated,Easy
NUM_081,NUM,RBI,,"Auction Week 4 (April 20-24, 2026): ₹32,000 crore — (i) 3 Year for ₹11,000 crore (ii) 7 Year for ₹11,000 crore (iii) 30 Year for ₹5,000 crore (iv) 30 Year SGrB for ₹5,000 crore.","In auction week 4 (April 20-24, 2026) of the GoI issuance calendar, what is the combined amount for the two 30-year instruments (regular and Sovereign Green Bond)?","₹10,000 crore. Calculation: ₹5,000 crore (30-year regular) + ₹5,000 crore (30-year SGrB) = ₹10,000 crore.",calculated,Easy
NUM_082,NUM,RBI,,"Foreign Exchange Reserves as on Mar. 13, 2026: Total Reserves — ₹65,61,849 crore / US$ 709,759 million. Variation over Week: ₹ -13,778 crore / US$ -7,052 million.","As on March 13, 2026, what was India's total foreign exchange reserve in US dollar terms, and by how much did it change during the week?","Total reserves: US$ 709,759 million. Weekly variation: a decrease of US$ 7,052 million.",extractive,Easy
NUM_083,NUM,RBI,,"Scheduled Commercial Banks — Aggregate Deposits as on Feb. 28, 2026: Outstanding: ₹25,190,181 crore. Year-on-Year growth: 2026 — 11.9%.","What was the year-on-year growth rate of aggregate deposits of Scheduled Commercial Banks in India as of February 28, 2026?",11.9%,extractive,Easy
NUM_084,NUM,RBI,,"M3: Outstanding as on Feb 28, 2026: ₹30,298,040 crore. Variation over Financial Year 2025-26 so far: Amount ₹30,11,451 crore / 11.0%. Year-on-Year 2026: Amount ₹31,30,192 crore / 11.5%.","As of February 28, 2026, what was the year-on-year growth rate of M3 (broad money supply)?",11.5%,extractive,Medium
NUM_085,NUM,RBI,,"Foreign Exchange Reserves: Gold — As on Mar. 13, 2026: ₹12,08,169 crore / US$ 130,681 million. Variation over Year: ₹5,60,895 crore / US$ 56,289 million.","What was the value of India's gold reserves as on March 13, 2026 in US dollar terms, and what was the increase over the year?","Gold reserves as on March 13, 2026: US$ 130,681 million. Increase over the year: US$ 56,289 million.",extractive,Medium
NUM_086,NUM,SEBI,,The maximum limit of any buy-back shall be twenty-five per cent or less of the aggregate of paid-up capital and free reserves of the company. The ratio of the aggregate of secured and unsecured debts owed by the company to the paid-up capital and free reserves after buy-back shall be less than or equal to 2:1.,"A company has paid-up capital and free reserves of ₹500 crore before a buy-back. What is the maximum amount it can buy back, and what is the maximum total debt it can carry after the buy-back?",Maximum buy-back amount: ₹125 crore (25% × ₹500 crore). Maximum debt after buy-back: ₹750 crore assuming free reserves after buyback are ₹375 crore (2:1 ratio applied to remaining capital of ₹375 crore = ₹750 crore debt).,calculated,Hard
CON_028,CON,RBI,,,"Do the two press releases state the same aggregate amount for the State Government securities auction to be held on March 24, 2026?",No,yes_no,Easy
CON_029,CON,RBI,,,Do Bucket B1 and Bucket B10 permit the same dividend payout as a percentage of Adjusted PAT under the RBI SFB Dividend Directions 2026?,No,yes_no,Easy
CON_030,CON,RBI,,,Do Section A and Section B of the RBI Master Direction on Unique Identifiers in Financial Markets 2026 both come into force on the same date?,No,yes_no,Easy
CON_031,CON,SEBI,,,Do the two passages prescribe the same maximum limit for all buy-back transactions under SEBI Buy-Back of Securities Regulations?,No,yes_no,Medium
CON_032,CON,RBI,,,Are the two passages contradictory regarding RBI's authority over Small Finance Bank dividend declarations?,No,yes_no,Medium
CON_033,CON,SEBI,,,Do both passages describe intermediaries who hold permanent certificates under SEBI (Intermediaries) Regulations 2008?,No,yes_no,Medium
CON_034,CON,RBI,,,"Does the GoI dated securities auction announced on March 28, 2026 use a uniform price method where all successful bidders receive securities at the same cut-off price?",No,yes_no,Medium
CON_035,CON,RBI,,,Do both passages state the same percentage of the notified amount reserved for non-competitive bidding in Government Securities auctions?,Yes,yes_no,Easy
CON_036,CON,RBI,,,Do both passages identify different categories of profits ineligible for dividend payment under RBI SFB Dividend Directions 2026?,Yes,yes_no,Medium
CON_037,CON,SEBI,,,Do the two passages together suggest that a company can use buy-back as a mechanism to achieve delisting of its shares?,No,yes_no,Medium
CON_038,CON,RBI,,,Does the repeal of the 2025 SFB Dividend Directions mean that all actions previously taken under them become immediately invalid from the date the 2026 Directions are issued?,No,yes_no,Medium
CON_039,CON,RBI,,,"Do the original and revised press releases state the same borrowing amount for Uttarakhand's 18-year tenor securities in the March 24, 2026 auction?",No,yes_no,Medium
CON_040,CON,RBI,,,Does Passage B create an exception to the general rule in Passage A that every entity must have its own LEI code to transact in RBI-regulated financial markets?,Yes,yes_no,Hard
CON_041,CON,SEBI,,,Do Chapters V and VI of the SEBI (Intermediaries) Regulations 2008 come into force on the same date as all other chapters of the Regulations?,No,yes_no,Hard
CON_042,CON,RBI,,,"Under the RBI SFB Dividend Directions 2026, do Bucket B2 and Bucket B3 allow the same maximum dividend as a percentage of Adjusted PAT?",No,yes_no,Easy
CON_043,CON,SEBI,,,Do the definitions of 'independent research analyst' and 'part-time research analyst' under SEBI (Research Analysts) Regulations 2014 describe the same type of professional?,No,yes_no,Easy
CON_044,CON,RBI,,,Do auction weeks 2 and 6 of the GoI issuance calendar for H1 FY2026-27 have the same structure in terms of total amount and securities offered?,Yes,yes_no,Medium
CON_045,CON,SEBI,,,Do the two passages together indicate that open-market buy-back through stock exchanges is permitted under SEBI (Buy-Back of Securities) Regulations 2018?,No,yes_no,Hard
TMP_028,TMP,RBI,,"Section A of the Directions on implementation of Legal Entity Identifier (LEI) shall come into force with immediate effect. Section B of the Directions on implementation of Unique Transaction Identifier (UTI) shall come into effect from January 01, 2027. The Master Direction was issued on March 27, 2026.",Which was implemented first under the RBI Master Direction on Unique Identifiers in Financial Markets 2026 — the LEI framework or the UTI framework?,"The LEI framework (Section A) was implemented first, coming into force with immediate effect from March 27, 2026. The UTI framework (Section B) comes into effect later, on January 01, 2027.",extractive,Easy
TMP_029,TMP,RBI,,"List of circulars superseded vide Master Direction - Reserve Bank of India (Unique Identifiers in Financial Markets) Directions, 2026: (1) FMRD.FMID No.14/11.01.007/2016-17 dated June 01, 2017; (2) FMRD.FMID.No.10/11.01.007/2018-19 dated November 29, 2018; (3) FMRD.FMID.No.15/11.01.007/2018-19 dated April 26, 2019; (4) FMRD.FMID.No.24/11.01.007/2019-20 dated March 27, 2020; (5) CO.FMRD.MIOD.No.8/11.01.057/2025-26 dated February 18, 2026.","Among the five circulars superseded by the RBI Master Direction on Unique Identifiers 2026, which was the most recently issued before the Master Direction?","CO.FMRD.MIOD.No.8/11.01.057/2025-26 dated February 18, 2026, which is the most recent of the five superseded circulars.",extractive,Medium
TMP_030,TMP,RBI,,"List of circulars superseded: (1) FMRD.FMID No.14/11.01.007/2016-17 dated June 01, 2017; (2) dated November 29, 2018; (3) dated April 26, 2019; (4) dated March 27, 2020; (5) dated February 18, 2026. The Master Direction was issued March 27, 2026.","How many years elapsed between the issuance of the first LEI circular (June 01, 2017) and its supersession by the Master Direction on Unique Identifiers (March 27, 2026)?","Approximately 8 years and 10 months elapsed between June 1, 2017 and March 27, 2026.",calculated,Medium
TMP_031,TMP,SEBI,,"buy-back from the open market through stock exchanges, based on the standalone or consolidated financial statements of the company, whichever sets out a lower amount, shall be less than: (i) fifteen per cent of the paid up capital and free reserves of the company till March 31, 2023; (ii) ten per cent of the paid up capital and free reserves of the company till March 31, 2024; (iii) five per cent of the paid up capital and free reserves of the company till March 31, 2025. Provided further that buy-back from the open market through the stock exchange shall not be allowed with effect from April 1, 2025.","Describe the step-by-step reduction in the maximum open-market buy-back limit through stock exchanges under SEBI Regulations, from 2023 to the final prohibition.","15% (until March 31, 2023) → 10% (until March 31, 2024) → 5% (until March 31, 2025) → Complete prohibition from April 1, 2025.",extractive,Medium
TMP_032,TMP,RBI,,"Annex III — List of circulars repealed: DOR.ACC.REC.118/21-02-067/2025-26, dated November 28, 2025 — Reserve Bank of India (Small Finance Banks - Prudential Norms on Declaration of Dividends) Directions, 2025.

These Directions shall be called the Reserve Bank of India (Small Finance Banks - Prudential Norms on Declaration of Dividend) Directions, 2026. These Directions shall come into effect from Financial Year (FY) 2026-27.",Which set of RBI directions on Small Finance Bank dividend norms was in effect during FY 2025-26 — the 2025 Directions or the 2026 Directions?,"The 2025 Directions (issued November 28, 2025) were in effect during FY 2025-26. The 2026 Directions come into effect only from FY 2026-27 (i.e., from April 1, 2026).",extractive,Medium
TMP_033,TMP,RBI,,"Government of India (GoI) has announced the sale of two dated securities. GoI specific Notification: F.No.4(1)-B(W&M)/2026 dated March 28, 2026. Auction Date: April 02, 2026 (Thursday). Settlement Date: April 06, 2026 (Monday). When Issued trading period: March 30, 2026 - April 02, 2026.","In chronological order, what are the key dates in the lifecycle of the GoI dated securities auction announced on March 28, 2026?","March 28 (announcement), March 30 – April 02 ('When Issued' trading period), April 02 (auction day, bids submitted), April 06 (settlement, payment by successful bidders).",extractive,Medium
TMP_034,TMP,RBI,,"Press Release dated March 21, 2026 — Auction of State Government Securities (Revised). The auction will be conducted on the Reserve Bank of India Core Banking Solution (E-Kuber) system on March 24, 2026 (Tuesday). Payment by successful bidders will be made during banking hours on March 25, 2026 (Wednesday).","For the State Government securities auction covered in this revised press release, what is the sequence of key events from the announcement to settlement?","March 21, 2026 (revised press release issued) → March 24, 2026 (auction conducted on E-Kuber) → March 25, 2026 (payment by successful bidders).",extractive,Easy
TMP_035,TMP,SEBI,,"Where a certificate has been granted to an intermediary on a permanent basis, the certificate may continue to be valid under these regulations subject to the condition that the intermediary shall, within two years of commencement of these regulations in relation to such intermediary, furnish the information in Form A to the Board and upload the information in Part I thereof on the website specified by the Board: Provided that the time specified in clause (b) may be extended by the Board up to a period of six months on sufficient reasons being shown by the intermediary.","Under SEBI (Intermediaries) Regulations 2008, an intermediary holding a permanent certificate at the time of commencement of these regulations must furnish Form A information within two years. What is the maximum total time available if SEBI grants an extension?","Two years plus up to six months extension, for a maximum of two and a half years from the commencement of these regulations.",extractive,Medium
TMP_036,TMP,SEBI,,"These regulations may be called the Securities and Exchange Board of India (Research Analysts) Regulations, 2014. These regulations shall come into force on the ninetieth day from the date of their publication in the Official Gazette. The regulations were published on September 1, 2014.","The SEBI (Research Analysts) Regulations 2014 were published on September 1, 2014. On approximately which date did they come into force?","On the ninetieth day from September 1, 2014, which is approximately November 30, 2014.",calculated,Medium
TMP_037,TMP,RBI,,"Calendar for Issuance of Government of India Dated Securities (April 01, 2026 to September 30, 2026). Auction Week 4 (April 20-24, 2026): ₹32,000 crore — (i) 3 Year for ₹11,000 crore (ii) 7 Year for ₹11,000 crore (iii) 30 Year for ₹5,000 crore (iv) 30 Year SGrB for ₹5,000 crore. Switch auctions will be conducted on the third Monday of every month.","In the GoI securities issuance calendar for H1 FY2026-27, which is the first auction week that includes Sovereign Green Bonds (SGrBs), and what amount is allocated for them?","Auction Week 4 (April 20-24, 2026) is the first week to include Sovereign Green Bonds, with ₹5,000 crore allocated for the 30-year SGrB.",extractive,Medium
TMP_038,TMP,RBI,,"These Directions shall be called the Reserve Bank of India (Small Finance Banks - Prudential Norms on Declaration of Dividend) Directions, 2026. These Directions shall come into effect from Financial Year (FY) 2026-27.

Annex III: Circular repealed — DOR.ACC.REC.118/21-02-067/2025-26 dated November 28, 2025.","The RBI SFB Dividend Directions 2026 were issued on March 10, 2026 but take effect from FY 2026-27. Were the 2025 Directions (repealed circular dated November 28, 2025) issued before or after the 2026 Directions were issued?","The 2025 Directions were issued before the 2026 Directions — on November 28, 2025, compared to March 10, 2026 for the 2026 Directions.",extractive,Easy
TMP_039,TMP,RBI,,"UTI shall be generated / reported for all transactions in OTC derivatives market undertaken in terms of the Governing Directions. The directions shall be applicable to OTC derivative transactions entered into on or after the date the directions come into effect. Section B on UTI shall come into effect from January 01, 2027.","A counterparty entered into an OTC derivative transaction on December 15, 2026. Is this transaction subject to the UTI reporting requirements under the RBI Master Direction on Unique Identifiers 2026?","No. The UTI requirements (Section B) come into effect from January 01, 2027, and apply only to transactions entered into on or after that date. A transaction on December 15, 2026 is not subject to UTI reporting.",extractive,Hard
TMP_040,TMP,SEBI,,"Where the certificate was granted for a specified period, an application for grant of certificate under sub-regulation (1) shall be made by the intermediary at least three months prior to the expiry of such period or three months prior to expiry of two years from the commencement of these regulations in relation to such intermediary, whichever is earlier and if the intermediary fails to do so, it shall cease to act as an intermediary on and from the expiry of the aforementioned period.","An intermediary's time-limited certificate expires in 18 months from the commencement of the SEBI (Intermediaries) Regulations 2008. Under this provision, when is the earliest date by which it must apply for renewal?","The intermediary must apply at least three months before the earlier of: (a) expiry of the certificate (15 months from commencement), or (b) three months before two years from commencement (21 months). Since the certificate expires at 18 months, three months before that is 15 months from commencement — which is earlier than 21 months. So it must apply by 15 months from commencement.",extractive,Hard
TMP_041,TMP,RBI,,"The Security Council Committee pursuant to resolutions 1267 (1999), 1989 (2011) and 2253 (2015) concerning ISIL (Da'esh), Al Qaida and associated individuals...removed the entry below from the ISIL (Da'esh) and Al Qaida Sanctions List. The entity Al-Nusrah Front was Listed on: 14 May 2014 (amended on 7 Jun. 2017, 5 Jun. 2018, 15 Nov. 2021). The UNSC press release SC/16306 was dated February 27, 2026.","For how long was the Al-Nusrah Front listed on the ISIL (Da'esh) and Al-Qaida Sanctions List before it was removed per the UNSC press release of February 27, 2026?","Approximately 11 years and 9 months — from May 14, 2014 to February 27, 2026.",calculated,Medium
TMP_042,TMP,RBI,,"Reserve Bank of India will also be conducting switches of dated securities through auction on the third Monday of every month or at more frequent intervals. In case the third Monday is a holiday, switch auction will be conducted on the fourth Monday of the month.","Under the RBI GoI issuance calendar for H1 FY2026-27, if the third Monday of a month is a public holiday, on which day is the switch auction conducted instead?",On the fourth Monday of that month.,extractive,Easy
TMP_043,TMP,RBI,,"For transactions that are reportable in India and in a foreign jurisdiction and the foreign jurisdiction has a sooner reporting timeline, market participants may undertake reasonable efforts to ensure that the UTI is obtained and reported within the reporting deadline for the transaction. In case the market participant is unable to obtain the UTI within the reporting deadline, the market participant may obtain and submit the UTI to CCIL-TR at the earliest thereafter, but in any case, within five Mumbai business days from the date of the transaction.","Under the RBI Master Direction on UTI 2026, if a market participant cannot obtain the UTI in time for a cross-border transaction, what is the maximum additional time allowed to submit the UTI to CCIL-TR?",Within five Mumbai business days from the date of the transaction.,extractive,Easy
TMP_044,TMP,SEBI,,"A company shall not make any offer of buy-back within a period of one year reckoned from the date of expiry of buyback period of the preceding offer of buy-back, if any. The buy-back period means the period between the date of board of directors resolution or date of declaration of results of the postal ballot for special resolution, as the case may be, to authorize buyback of shares and the date on which payment of consideration to shareholders who have accepted the buyback offer is made.","A company completed its buy-back (i.e., made the final payment to shareholders) on June 15, 2025. What is the earliest date on which it can launch its next buy-back offer?","June 15, 2026 — one year from the expiry date (June 15, 2025) of the buyback period of the preceding offer.",calculated,Medium
TMP_045,TMP,RBI,,"Illustration 3: Net profit (PAT) for FY 20X1-X2 (A): ₹1,500 crore. Interim dividend paid for FY 20X1-20X2 (H): ₹500 crore. Maximum Eligible Dividend (G): ₹1,125 crore. As the bank has already paid interim dividend of ₹500 crore, the final dividend shall not be more than (G) - (H).","In Illustration 3 of the RBI SFB Dividend Directions 2026, the bank paid interim dividend during FY 20X1-X2 before declaring the final dividend. What does this sequencing imply about when the Maximum Eligible Dividend constraint applies — at the time of the interim dividend, or cumulatively across both payments?","The constraint applies cumulatively across both payments. The Maximum Eligible Dividend (₹1,125 crore) is the total permitted across the full financial year. Since ₹500 crore has already been paid as interim dividend, the final dividend is capped at the remaining ₹625 crore (₹1,125 - ₹500).",extractive,Hard
REG_054,REG,SEBI,"SEBI (Infrastructure Investment Trusts) Regulations, 2014",The trustee shall ensure that the investment manager convenes meetings of unit holders not less than once every year and the period between such meetings shall not exceed fifteen months.,"Under SEBI (Infrastructure Investment Trusts) Regulations 2014, what is the maximum permissible interval between two consecutive unit holders meetings?",Fifteen months,extractive,Easy
REG_055,REG,SEBI,"SEBI (Infrastructure Investment Trusts) Regulations, 2014","The trustee shall oversee activities of the investment manager in the interest of the unit holders, ensure that the investment manager complies with regulation 10 and shall obtain compliance certificate from the investment manager, in the form as may be specified, on a quarterly basis.","Under SEBI (InvIT) Regulations 2014, how frequently must the trustee obtain a compliance certificate from the investment manager?",On a quarterly basis,extractive,Easy
REG_056,REG,SEBI,"SEBI (Infrastructure Investment Trusts) Regulations, 2014",The decision of the Board to reject the application shall be communicated to the applicant within thirty days of such decision.,"Under SEBI (InvIT) Regulations 2014, within how many days must SEBI communicate a decision to reject an application for a certificate of registration to the applicant?",Within thirty days,extractive,Easy
REG_057,REG,SEBI,"SEBI (Infrastructure Investment Trusts) Regulations, 2014","""holdco"" or ""holding company"" means a company or LLP, â€” (i) in which InvIT holds or proposes to hold controlling interest and not less than fifty one per cent of the equity share capital or interest and which in turn has made investments in other SPV(s), which ultimately hold the infrastructure assets; (ii) which is not engaged in any other activity other than holding of the underlying SPV(s), holding of infrastructure projects and any other activities pertaining to and incidental to such holdings.","Under SEBI (InvIT) Regulations 2014, what minimum equity interest must an InvIT hold or propose to hold in a holding company (holdco) for it to qualify as such?",Not less than fifty one per cent of the equity share capital or interest,extractive,Easy
REG_058,REG,SEBI,"SEBI (Infrastructure Investment Trusts) Regulations, 2014","""SPV"" or ""special purpose vehicle"" means any company or LLP â€” a. in which either the InvIT or the holdco holds or proposes to hold controlling interest and not less than fifty one per cent of the equity share capital or interest... b. which holds not less than ninety per cent of its assets directly in infrastructure projects and does not invest in other SPVs.","Under SEBI (InvIT) Regulations 2014, what minimum percentage of its assets must a Special Purpose Vehicle (SPV) hold directly in infrastructure projects?",Not less than ninety per cent,extractive,Easy
REG_059,REG,SEBI,"SEBI (Infrastructure Investment Trusts) Regulations, 2014","""institutional investor"" means â€” (i) a qualified institutional buyer; or (ii) a family trust or an intermediary registered with the Board, having a net worth of more than five hundred crore rupees, as per the latest audited financial statements.","Under SEBI (InvIT) Regulations 2014 (as currently in force), what minimum net worth must a family trust or a Board-registered intermediary have to qualify as an institutional investor?","More than five hundred crore rupees, as per the latest audited financial statements",extractive,Medium
REG_060,REG,SEBI,"SEBI (Infrastructure Investment Trusts) Regulations, 2014","who, apart from receiving director's remuneration, does not have any or has had no material pecuniary relationship with the InvIT, its Holdco and/or SPV, parties to the InvIT, its holding company, the subsidiary or associate or their promoters or directors, during the three immediately preceding financial years... the aggregate of which in relation to points (A) to (D) shall not exceed two percent of its gross turnover or total income or fifty lakh rupees or such higher amount as may be specified from time to time, whichever is lower.","Under SEBI (InvIT) Regulations 2014, what is the combined monetary cap on permissible pecuniary relationships with the InvIT for a person to qualify as an independent director of the investment manager?","Two per cent of its gross turnover or total income, or fifty lakh rupees, whichever is lower",extractive,Medium
REG_061,REG,SEBI,"SEBI (Infrastructure Investment Trusts) Regulations, 2014","The trustee shall review the transactions carried out between the investment manager and its associates and where the investment manager has advised that there may be a conflict of interest, shall obtain confirmation from a practising chartered accountant or valuer, as applicable, that such transaction is on arm's length basis.","Under SEBI (InvIT) Regulations 2014, when a conflict of interest is flagged in a transaction between the investment manager and its associates, from whom must the trustee obtain confirmation that the transaction is at arm's length?","A practising chartered accountant or valuer, as applicable",extractive,Medium
REG_062,REG,SEBI,"SEBI (Issue and Listing of Municipal Debt Securities) Regulations, 2015","The Board may specify changes or issue observations, if any, on the draft offer document within twenty one days from the later of the following dates: a) the date of receipt of the draft offer document under sub-regulation (1); or b) the date of receipt of satisfactory reply from the lead manager(s), where the Board has sought any clarification or additional information from them; or c) the date of receipt of clarification or information from any regulator or agency, where the Board has sought any clarification or information from such regulator or agency; or d) the date of receipt of a copy of in-principle approval letter issued by the stock exchange(s).","Under SEBI (Issue and Listing of Municipal Debt Securities) Regulations 2015, within how many days of the relevant trigger date may SEBI specify changes or issue observations on a draft offer document?",Twenty one days,extractive,Easy
REG_063,REG,SEBI,"SEBI (Issue and Listing of Municipal Debt Securities) Regulations, 2015",The draft offer document filed with the designated stock exchange shall be made public by posting the same on the website of the designated stock exchange for seeking public comments for a period of fifteen days from the date of filing the draft offer document with such exchange and shall be available for download in PDF / HTML formats.,"Under SEBI (Issue and Listing of Municipal Debt Securities) Regulations 2015, for how many days must the draft offer document be publicly available on the designated stock exchange's website for public comments?",Fifteen days,extractive,Easy
REG_064,REG,SEBI,"SEBI (Issue and Listing of Municipal Debt Securities) Regulations, 2015","Provided that where an issuer has filed a shelf offer document, not more than four public issuances shall be made through a single shelf offer document.","Under SEBI (Issue and Listing of Municipal Debt Securities) Regulations 2015, what is the maximum number of public issuances permitted under a single shelf offer document?",Not more than four,extractive,Easy
REG_065,REG,SEBI,"SEBI (Issue and Listing of Municipal Debt Securities) Regulations, 2015","the issuer has not defaulted in repayment of debt securities or loans obtained from banks or financial institutions, during the preceding three hundred and sixty five days.","Under SEBI (Issue and Listing of Municipal Debt Securities) Regulations 2015, for what preceding period must an issuer have a clean repayment track record on debt securities or bank/financial institution loans to remain eligible for issuance?",The preceding three hundred and sixty five days,extractive,Easy
REG_066,REG,SEBI,"SEBI (Investment Advisers) Regulations, 2013",These regulations shall come into force on the ninetieth day from the date of their publication in the Official Gazette.,"Under SEBI (Investment Advisers) Regulations 2013, on which day from the date of publication in the Official Gazette did the regulations come into force?",The ninetieth day,extractive,Easy
NUM_033,NUM,SEBI,"SEBI (Infrastructure Investment Trusts) Regulations, 2014","the aggregate of which in relation to points (A) to (D) shall not exceed two percent of its gross turnover or total income or fifty lakh rupees or such higher amount as may be specified from time to time, whichever is lower.","Under SEBI (InvIT) Regulations 2014, if an entity associated with the InvIT has a gross turnover of ten crore rupees, what is the maximum permissible pecuniary relationship an independent director candidate may have with it â€” applying the two per cent cap or the fifty lakh rupee cap?","Twenty lakh rupees (two per cent of ten crore rupees, being lower than fifty lakh rupees â€” the rule applies whichever is lower)",calculated,Medium
NUM_034,NUM,SEBI,"SEBI (Issue and Listing of Municipal Debt Securities) Regulations, 2015","""private placement"" means an offer or invitation made to two hundred or fewer identified persons... Provided that... any offer or invitation made to qualified institutional buyers shall not be considered while calculating the limit of two hundred persons.","Under SEBI (Issue and Listing of Municipal Debt Securities) Regulations 2015, if a municipal issuer makes a private placement offer to 170 non-QIB investors and 45 qualified institutional buyers simultaneously, does this exceed the private placement limit?","No. The 45 qualified institutional buyers are excluded from the calculation, so only 170 persons are counted, which is within the two hundred person limit",calculated,Medium
NUM_035,NUM,SEBI,"SEBI (Issue and Listing of Municipal Debt Securities) Regulations, 2015","Where the issuer desires to roll-over the municipal debt securities issued, it shall do so only upon passing of a special resolution to that effect and give twenty one days' notice of the proposed roll over to the holders of municipal debt securities: Provided that, if the holders of municipal debt securities do not provide consent for the proposed roll over within the notice period, the issuer shall redeem the municipal debt securities of such holders.","Under SEBI (Issue and Listing of Municipal Debt Securities) Regulations 2015, if a roll-over notice is dispatched to holders on 5 May 2025, what is the earliest date on which the roll-over can take effect (assuming all holders consent)?",26 May 2025 (after expiry of the twenty one days notice period from 5 May),calculated,Medium
NUM_036,NUM,SEBI,"SEBI (Infrastructure Investment Trusts) Regulations, 2014","""institutional investor"" means â€” (i) a qualified institutional buyer; or (ii) a family trust or an intermediary registered with the Board, having a net worth of more than five hundred crore rupees, as per the latest audited financial statements.","Under SEBI (InvIT) Regulations 2014, does a family trust with a net worth of four hundred and ninety nine crore rupees (as per latest audited financial statements) qualify as an institutional investor?",No. The threshold is more than five hundred crore rupees; four hundred and ninety nine crore rupees falls below this threshold,calculated,Easy
NUM_037,NUM,SEBI,"SEBI (Foreign Portfolio Investors) Regulations, 2019","Government and Government related investors such as central banks, sovereign wealth funds, international or multilateral organizations or agencies including entities controlled or at least 75% directly or indirectly owned by such Government and Government related investor(s).","Under SEBI (FPI) Regulations 2019, if a government-linked entity is 70% directly owned by a sovereign government, does it qualify as a Category I foreign portfolio investor on the basis of government ownership?",No. The minimum threshold for government ownership is at least seventy-five per cent; seventy per cent is below this threshold,calculated,Easy
NUM_038,NUM,SEBI,"SEBI (Infrastructure Investment Trusts) Regulations, 2014","is or has been an employee or proprietor or a partner, in any of the three financial years immediately preceding the financial year in which he/she is proposed to be appointed, of â€” any legal or a consulting firm that has or had any transaction with the InvIT, its Holdco and/or SPV, parties to the InvIT, its holding company, subsidiary or associate amounting to ten per cent or more of the gross turnover of such firm.","Under SEBI (InvIT) Regulations 2014, a consulting firm had transactions worth eight lakh rupees with the InvIT in FY2023, and its gross turnover for that year was ninety lakh rupees. Would a partner of that firm be disqualified from acting as an independent director of the investment manager for FY2026?","No. Eight lakh rupees out of ninety lakh rupees is approximately 8.9 per cent, which is below the ten per cent threshold; the disqualification criterion is not triggered",calculated,Medium
NUM_039,NUM,SEBI,"SEBI (Foreign Portfolio Investors) Regulations, 2019","The Board shall dispose of the application for grant of approval as soon as possible but not later than thirty days after receipt of application by the Board or, after all the information called for under regulation 12 has been furnished, whichever is later.","Under SEBI (FPI) Regulations 2019, if a designated depository participant application is received by SEBI on 1 March, additional information is called for on 10 March, and the applicant furnishes the information on 25 March, by what date must SEBI dispose of the application?","By 24 April (thirty days from 25 March, the date all required information was furnished, being the later of the two trigger dates)",calculated,Medium
NUM_040,NUM,SEBI,"SEBI (Issue and Listing of Municipal Debt Securities) Regulations, 2015","A trust deed for securing the issue of debentures shall be executed by the issuer in favour of the independent trustee or debenture trustee, as applicable, within three months of the closure of the issue.","Under the original SEBI (Issue and Listing of Debt Securities by Municipalities) Regulations 2015 (as in force before the 2019 Amendment), if the issue closed on 1 January 2018, what was the latest date by which the trust deed had to be executed?",By 1 April 2018 (three months from the closure of the issue on 1 January 2018),calculated,Easy
REG_095,REG,SEBI,"SEBI (Mutual Funds) Regulations, 1996",The eligibility criteria for registration of a mutual fund include: (c) the sponsor has contributed or contributes at least 40% to the net worth of the asset management company: Provided that any person who holds 40% or more of the net worth of an asset management company shall be deemed to be a sponsor and will be required to fulfill the eligibility criteria specified in these regulations.,"What is the minimum percentage of an AMC's net worth that a sponsor must contribute to be eligible for mutual fund registration under SEBI (Mutual Funds) Regulations, 1996?",At least 40 per cent,extractive,Easy
REG_096,REG,SEBI,"SEBI (Mutual Funds) Regulations, 1996","Appointment of an asset management company. 20. (1) The sponsor or, if so authorised by the trust deed, the trustee, shall appoint an asset management company, which has been approved by the Board under sub-regulation (2) of regulation 21. (2) The appointment of an asset management company can be terminated by majority of the trustees or by seventy-five per cent of the unitholders of the scheme. (3) Any change in the appointment of the asset management company shall be subject to prior approval of the Board and the unitholders.","Under SEBI (Mutual Funds) Regulations, 1996, who has the authority to terminate the appointment of an asset management company?",Majority of the trustees or by seventy-five per cent of the unitholders of the scheme,extractive,Easy
REG_097,REG,SEBI,"SEBI (Mutual Funds) Regulations, 1996","Eligibility criteria for appointment of asset management company. 21. (1) For grant of approval of the asset management company the applicant has to fulfill the following:— (d) the board of directors of such asset management company has at least fifty per cent directors, who are not associate of, or associated in any manner with, the sponsor or any of its subsidiaries or the trustees; (e) the Chairman of the asset management company is not a trustee of any mutual fund.","What minimum proportion of the board of directors of an AMC must comprise directors who are not associated with the sponsor, its subsidiaries, or the trustees?",At least fifty per cent,extractive,Easy
REG_098,REG,SEBI,"SEBI (Mutual Funds) Regulations, 1996","Eligibility criteria for appointment of asset management company. 21. (1) For grant of approval of the asset management company the applicant has to fulfill the following:— (d) the board of directors of such asset management company has at least fifty per cent directors, who are not associate of, or associated in any manner with, the sponsor or any of its subsidiaries or the trustees; (e) the Chairman of the asset management company is not a trustee of any mutual fund.","What restriction does SEBI (Mutual Funds) Regulations, 1996 impose on the Chairman of an asset management company?",The Chairman of the asset management company is not a trustee of any mutual fund,extractive,Easy
REG_099,REG,SEBI,"SEBI (Mutual Funds) Regulations, 1996",Disqualification from being appointed as trustees. 16. (5) Two-thirds of the trustees shall be independent persons and shall not be associated with the sponsors or be associated with them in any manner whatsoever. (6) In case a company is appointed as a trustee then its directors can act as trustees of any other trust provided that the object of the trust is not in conflict with the object of the mutual fund.,"What is the minimum proportion of independent persons required among the trustees of a mutual fund under SEBI (Mutual Funds) Regulations, 1996?",Two-thirds,extractive,Easy
REG_100,REG,SEBI,"SEBI (Mutual Funds) Regulations, 1996","Disqualification from being appointed as trustees. 16. (2) No person shall be eligible to be appointed as a trustee unless— (a) he is a person of ability, integrity and standing; and (b) has not been found guilty of moral turpitude; and (c) has not been convicted of any economic offence or violation of any securities laws; and (d) has furnished particulars as specified in Form C.","What three personal qualifications must every trustee of a mutual fund possess or satisfy under Regulation 16(2) of SEBI (Mutual Funds) Regulations, 1996?","Be a person of ability, integrity and standing; not have been found guilty of moral turpitude; and not have been convicted of any economic offence or violation of any securities laws",extractive,Medium
REG_101,REG,SEBI,"SEBI (Mutual Funds) Regulations, 1996","Disqualification from being appointed as trustees. 16. (3) No asset management company and no director (including independent director), officer or employee of an asset management company shall be eligible to be appointed as a trustee of any mutual fund.","Under SEBI (Mutual Funds) Regulations, 1996, are directors, officers or employees of an AMC eligible to be appointed as trustees of any mutual fund?","No. No asset management company and no director (including independent director), officer or employee of an asset management company shall be eligible to be appointed as a trustee of any mutual fund.",extractive,Easy
REG_102,REG,SEBI,"SEBI (Mutual Funds) Regulations, 1996","Payment of annual service fee. 12. A mutual fund shall pay before the 15th April each year a service fee as specified in the Second Schedule for every financial year from the year following the year of registration: Provided that the Board may, on being satisfied with the reasons for the delay permit the mutual fund to pay the service fee at any time before the expiry of two months from the commencement of the financial year to which such fee relates.","By what date must a mutual fund pay its annual service fee, and what is the maximum grace period SEBI may allow for a delayed payment?",Before the 15th April each year; the Board may allow payment up to two months from commencement of the financial year,extractive,Medium
REG_103,REG,SEBI,"SEBI (Mutual Funds) Regulations, 1996","Disqualification from being appointed as trustees. 16. (7) In case a company is appointed as the trustee of a mutual fund, the Chairperson of the board of directors of that trustee company shall be an independent director: Provided that a trustee company, already appointed as the trustee of a mutual fund shall comply with this sub-regulation within a period as may be specified by the Board from time to time.","What requirement applies to the Chairperson of a trustee company appointed as trustee of a mutual fund under SEBI (Mutual Funds) Regulations, 1996?",The Chairperson of the board of directors of the trustee company shall be an independent director,extractive,Easy
REG_104,REG,SEBI,"SEBI (Mutual Funds) Regulations, 1996","Norms for shareholding and governance in mutual funds. 7C. (4) In the event of the disassociation of the sponsor from the asset management company and the mutual fund, the board of directors of such asset management company shall have at least two third independent directors. (5) If the asset management company fails to fulfill the conditions specified under sub-clause (2) above, the dissociated sponsor or any new entity may become sponsor of the mutual fund subject to such conditions as may be specified by the Board from time to time.",What board composition requirement must an AMC meet after its sponsor disassociates from the mutual fund?,The board of directors shall have at least two third independent directors,extractive,Medium
REG_105,REG,SEBI,"SEBI (Mutual Funds) Regulations, 1996","Trust deed to be registered under the Registration Act. 14. A mutual fund shall be constituted in the form of a trust and the instrument of trust shall be in the form of a deed, duly registered under the provisions of the Indian Registration Act, 1908 (16 of 1908), executed by the sponsor in favour of the trustees named in such an instrument.","Under which Act must the trust deed of a mutual fund be registered, and who executes it in favour of whom?","The Indian Registration Act, 1908; executed by the sponsor in favour of the trustees named in such an instrument",extractive,Easy
REG_106,REG,SEBI,"SEBI (Mutual Funds) Regulations, 1996",Rights and obligations of the trustees. 18. (15) The trustees shall obtain the consent of the unitholders— (a) whenever required to do so by the Board in the interest of the unitholders; or (b) whenever required to do so on the requisition made by three-fourths of the unitholders of any scheme; or (c) when the majority of the trustees decide to wind up a scheme or prematurely redeem the units of a close ended scheme.,"What proportion of unitholders of a scheme may requisition the trustees to obtain unitholder consent under SEBI (Mutual Funds) Regulations, 1996?",Three-fourths of the unitholders of any scheme,extractive,Easy
REG_107,REG,RBI,"Reserve Bank of India (Small Finance Banks - Prudential Norms on Declaration of Dividend) Directions, 2026","B. Eligibility criteria. 7. A bank shall meet the following prudential requirements, to be eligible to declare dividends. (1) The bank was in compliance with the applicable regulatory capital requirement as at the end of the previous financial year and shall continue to be in compliance as at the end of the financial year during which the dividend is proposed to be paid. (2) The regulatory capital of the bank shall not fall below the applicable regulatory capital requirement even after the payment of dividend.",What capital compliance conditions must an SFB satisfy at the end of both the previous and the current financial year to be eligible to declare dividends?,The bank must be in compliance with the applicable regulatory capital requirement as at the end of the previous financial year and shall continue to be in compliance as at the end of the financial year during which the dividend is proposed to be paid; and the regulatory capital shall not fall below the applicable requirement even after payment of dividend.,extractive,Medium
REG_108,REG,RBI,"Reserve Bank of India (Small Finance Banks - Prudential Norms on Declaration of Dividend) Directions, 2026","B. Eligibility criteria. 7. A bank shall meet the following prudential requirements, to be eligible to declare dividends. (3) The bank shall have positive adjusted Profit After Tax (PAT) for the financial year for which the dividend is proposed. (4) The bank shall not be under any explicit restrictions for declaration of dividends from the Reserve Bank or any other authority.","What profitability condition must an SFB satisfy to be eligible to declare dividends under the RBI SFB Dividend Directions, 2026?",The bank shall have positive adjusted Profit After Tax (PAT) for the financial year for which the dividend is proposed,extractive,Easy
REG_109,REG,RBI,"Reserve Bank of India (Small Finance Banks - Prudential Norms on Declaration of Dividend) Directions, 2026","A. Board oversight. 6. The Board of Directors while considering the proposal for declaration of dividend of a bank shall consider the following: (1) The divergence in asset classification and provisioning for Non-Performing Assets (NPAs), including its trend, as observed under supervisory findings of the Reserve Bank; (2) Auditors' Report to the financial statements, including modified opinion or Emphasis of Matter, for the financial year in which the dividend is proposed; (3) Current and projected capital position vis-à-vis applicable regulatory capital requirement; and (4) Long term growth plans.",What four factors must an SFB's Board of Directors consider when evaluating a proposal for declaration of dividend?,Divergence in NPA asset classification and provisioning including its trend; Auditors' Report including modified opinion or Emphasis of Matter; Current and projected capital position vis-à-vis regulatory capital requirement; Long term growth plans,extractive,Medium
REG_110,REG,RBI,"Reserve Bank of India (Small Finance Banks - Prudential Norms on Declaration of Dividend) Directions, 2026",E. Reporting system. 11. A bank declaring dividend shall report details thereof as per the format prescribed in Annex II. The report shall be furnished to the Department of Supervision of the Reserve Bank within a fortnight of declaration of dividend.,Within what period must an SFB submit its dividend declaration report to the RBI's Department of Supervision?,Within a fortnight of declaration of dividend,extractive,Easy
REG_111,REG,RBI,"Reserve Bank of India (Small Finance Banks - Prudential Norms on Declaration of Dividend) Directions, 2026","F. Restriction on payment of dividend. 12. The Reserve Bank reserves the right to place restrictions on distribution of dividend where a bank is found to be non-compliant with the applicable laws, regulations / guidelines issued by the Reserve Bank. 13. If a bank does not meet the eligibility criteria as per paragraph 7 above, no special dispensation will be given for declaration of dividend for that period.","What is the consequence for an SFB that fails to meet the dividend eligibility criteria under the RBI SFB Dividend Directions, 2026?",No special dispensation will be given for declaration of dividend for that period,extractive,Easy
REG_112,REG,RBI,"Reserve Bank of India (Small Finance Banks - Prudential Norms on Declaration of Dividend) Directions, 2026","D. Profits ineligible for payment of dividend. 10. The following profits shall not be available for payment of dividend: (1) Any exceptional and / or extra-ordinary profits / income shall not be available for payment of dividend. (2) If the audit report by the statutory auditor contains a modified opinion that indicates an overstatement of the PAT, the same shall not be available for payment of dividend, to the extent it is included in PAT.","What categories of profit are excluded from dividend payment eligibility under the RBI SFB Dividend Directions, 2026?","Any exceptional and/or extra-ordinary profits/income; and any overstatement of PAT identified in a modified audit opinion, to the extent included in PAT",extractive,Medium
NUM_087,NUM,SEBI,"SEBI (Mutual Funds) Regulations, 1996","Eligibility criteria. 7. Explanation: For the purposes of this clause 'sound track record' shall mean the sponsor should— (iv) have net profit after providing for depreciation, interest and tax in each of the immediately preceding five years; and (v) have average net annual profit after depreciation, interest and tax during the immediately preceding five years of at least rupees ten crore.","What is the minimum average net annual profit (after depreciation, interest and tax) that a sponsor must demonstrate over the immediately preceding five years to satisfy the sound track record requirement under SEBI (Mutual Funds) Regulations, 1996?",At least rupees ten crore,extractive,Easy
NUM_088,NUM,SEBI,"SEBI (Mutual Funds) Regulations, 1996","Eligibility criteria for appointment of asset management company. 21. (1)(f) the asset management company has a networth of not less than rupees fifty crore deployed in assets as may be specified by the Board: Provided that where the sponsor does not fulfil the requirements provided in part (i) to (v) of the Explanation to clause (a) of regulation 7 at the time of making application, the asset management company shall be required to have a networth of not less than rupees one hundred crore.","What is the standard minimum networth requirement for an AMC under SEBI (Mutual Funds) Regulations, 1996?",Not less than rupees fifty crore,extractive,Easy
NUM_089,NUM,SEBI,"SEBI (Mutual Funds) Regulations, 1996","Eligibility criteria for appointment of asset management company. 21. (1)(f) Provided that where the sponsor does not fulfil the requirements provided in part (i) to (v) of the Explanation to clause (a) of regulation 7 at the time of making application, the asset management company shall be required to have a networth of not less than rupees one hundred crore deployed in assets as may be specified by the Board and the asset management company shall maintain such networth till it has profits for five consecutive years. Provided further that an asset management company of a mutual fund eligible to launch only infrastructure debt fund schemes, shall have a networth of not less than rupees ten crore.","If a sponsor fails to fulfil all eligibility criteria at the time of application, what enhanced networth must the AMC maintain, and for how long must it maintain this higher networth?","Not less than rupees one hundred crore, maintained until the AMC has profits for five consecutive years",extractive,Medium
NUM_090,NUM,SEBI,"SEBI (Mutual Funds) Regulations, 1996","Eligibility criteria for appointment of asset management company. 21. (1)(f) Provided further that an asset management company of a mutual fund eligible to launch only infrastructure debt fund schemes, shall have a networth of not less than rupees ten crore.",What is the minimum networth required for an AMC that is only eligible to launch infrastructure debt fund schemes?,Not less than rupees ten crore,extractive,Easy
NUM_091,NUM,SEBI,"SEBI (Mutual Funds) Regulations, 1996","Eligibility criteria. 7. Provided that if the requirements specified under Explanation to clause (a) are not fulfilled, the sponsor shall,— (i) adequately capitalize the asset management company such that the net worth of the asset management company is not less than rupees one hundred fifty crore; and (ii) ensure that the initial shareholding equivalent to capital contributed to the asset management company to the extent of not less than rupees one hundred fifty crore is locked-in for a period of five years; and (iii) appoint experienced personnel in asset management company such that the total combined experience of Chief Executive Officer, Chief Operating Officer, Chief Risk Officer, Chief Compliance Officer and Chief Investment Officer should be at least thirty years.","Under the 2023 amendment to Regulation 7, if a sponsor fails all eligibility requirements, what are the three key obligations: the AMC capitalization threshold, the lock-in period, and the minimum combined experience of the five senior officers?","AMC net worth not less than rupees one hundred fifty crore; locked-in for five years; total combined experience of CEO, COO, CRO, CCO and CIO of at least thirty years",extractive,Hard
NUM_092,NUM,SEBI,"SEBI (Mutual Funds) Regulations, 1996","Restrictions on business activities of the asset management company. 25. (7)(a) An asset management company shall not through any broker associated with the sponsor, purchase or sell securities, which is average of 5 per cent or more of the aggregate purchases and sale of securities made by the mutual fund in all its schemes: Provided that for the purpose of this sub-regulation, the aggregate purchase and sale of securities shall exclude sale and distribution of units issued by the mutual fund: Provided further that the aforesaid limit of 5 per cent shall apply for a block of any three months.","Under SEBI (Mutual Funds) Regulations, 1996, what is the maximum percentage of total mutual fund transactions that may be routed through a broker associated with the sponsor, and over what period is this limit measured?","5 per cent of aggregate purchases and sales, measured for a block of any three months",extractive,Medium
NUM_093,NUM,RBI,"Reserve Bank of India (Small Finance Banks - Prudential Norms on Declaration of Dividend) Directions, 2026","C. Definitions. 4. In these Directions, unless the context states otherwise, the terms herein shall bear the meanings assigned to them below. (1) 'Adjusted Profit After Tax (PAT)' means PAT of the financial year for which the dividend is proposed to be paid minus 50 per cent of Net NPA as on March 31 of the financial year for which the dividend is to be paid.","How is 'Adjusted Profit After Tax (PAT)' defined under the RBI SFB Dividend Directions, 2026?",PAT of the financial year minus 50 per cent of Net NPA as on March 31 of the financial year for which the dividend is to be paid,extractive,Easy
NUM_094,NUM,RBI,"Reserve Bank of India (Small Finance Banks - Prudential Norms on Declaration of Dividend) Directions, 2026","C. Quantum of dividend payable. 8. A bank which satisfies the eligibility criteria laid down in paragraph 7 above may declare and pay dividend up to the limits prescribed under Table 1 below, but in aggregate not exceeding 75% of the PAT for the period for which the dividend is being proposed. Table 1: Bucket B4 — Tier 1 Capital Ratio above 11.5% and up to 13.5%: Dividend allowed as 40 per cent of adjusted PAT for the period.","Under the RBI SFB Dividend Directions, 2026, what percentage of Adjusted PAT may an SFB with a Tier 1 Capital Ratio between 11.5% and 13.5% (Bucket B4) pay as dividend?",40 per cent of Adjusted PAT,extractive,Easy
NUM_095,NUM,RBI,"Reserve Bank of India (Small Finance Banks - Prudential Norms on Declaration of Dividend) Directions, 2026","Annex I: Illustration 1: Computation of maximum permissible dividend for FY 20X1-X2. Net profit (PAT) for FY 20X1-X2 (A): Rs17,000 crore. Net NPAs as on March 31, 20X2 (B): Rs6,500 crore. Adjusted PAT, i.e., (C) = (A) - 50% of (B): Rs13,750 crore. Tier 1 Capital ratio as on March 31, 20X1 (D): 11.72% (falls in Bucket B4). 75% of PAT (E): Rs12,750 crore. Max payable as per Table 1 (40% of 13,750) (F): Rs5,500 crore. Maximum Eligible Dividend (i.e., Lower of E or F): Rs5,500 crore.","In Illustration 1 of the RBI SFB Dividend Directions, 2026, a bank has PAT of Rs17,000 crore, Net NPA of Rs6,500 crore, and Tier 1 ratio of 11.72%. What is the maximum eligible dividend?","Rs5,500 crore (40% of Adjusted PAT of Rs13,750 crore, which is lower than 75% of PAT of Rs12,750 crore)",calculated,Hard
NUM_096,NUM,RBI,"Reserve Bank of India (Small Finance Banks - Prudential Norms on Declaration of Dividend) Directions, 2026","Annex I: Illustration 3: Computation of maximum eligible dividend for FY 20X1-X2. Net profit (PAT) for FY 20X1-X2 (A): Rs1,500 crore. Net NPAs as on March 31, 20X2 (B): Rs300 crore. Adjusted PAT, i.e., (C) = (A) - 50% of (B): Rs1,350 crore. Tier 1 capital ratio as on March 31, 20X1 (D): 24.36% (falls in Bucket B10). 75% of PAT (E): Rs1,125 crore. Maximum payable as per Table (100% of 1,350) (F): Rs1,350 crore. Maximum Eligible Dividend (G = Lower of E or F): Rs1,125 crore. Interim dividend paid for FY 20X1-20X2 (H): Rs500 crore. As the bank has already paid interim dividend of Rs500 crore, the final dividend shall not be more than (G) - (H).","In Illustration 3, a bank has PAT of Rs1,500 crore, Net NPA of Rs300 crore, Tier 1 ratio of 24.36%, and has already paid interim dividend of Rs500 crore. What is the maximum final dividend it may pay?","Rs625 crore (maximum eligible dividend of Rs1,125 crore minus interim dividend already paid of Rs500 crore)",calculated,Hard
NUM_097,NUM,RBI,"Reserve Bank of India (Small Finance Banks - Prudential Norms on Declaration of Dividend) Directions, 2026","Annex I: Illustration 2: Computation of maximum permissible dividend for FY 20X1-X2. Net profit (PAT) for FY 20X1-X2 (A): Rs40,500 crore. Net NPAs as on March 31, 20X2 (B): Rs5,000 crore. Adjusted PAT, i.e., (C) = (A) - 50% of (B): Rs38,000 crore. Tier 1 Capital ratio as on March 31, 20X1 (D): 15% (falls in Bucket B5). 75% of PAT (E): Rs30,375 crore. Max payable as per Table 1 (50% of 38,000) (F): Rs19,000 crore. Maximum Eligible Dividend (i.e., Lower of E or F): Rs19,000 crore.","In Illustration 2 of the RBI SFB Dividend Directions, 2026, a bank has PAT of Rs40,500 crore, Net NPA of Rs5,000 crore, and Tier 1 ratio of 15%. What is the maximum eligible dividend?","Rs19,000 crore (50% of Adjusted PAT of Rs38,000 crore, which is lower than 75% of PAT of Rs30,375 crore)",calculated,Hard
NUM_098,NUM,RBI,"Reserve Bank of India (Small Finance Banks - Prudential Norms on Declaration of Dividend) Directions, 2026",C. Quantum of dividend payable. 8. Table 1: Bucket B1 — Tier 1 Capital Ratio up to 7.5%: Dividend allowed as 0 per cent of adjusted PAT. Bucket B10 — Tier 1 Capital Ratio above 19.5%: Dividend allowed as 100 per cent of adjusted PAT for the period.,"Under the RBI SFB Dividend Directions, 2026, what are the permitted dividend percentages of Adjusted PAT for an SFB in Bucket B1 (Tier 1 ratio ≤7.5%) versus Bucket B10 (Tier 1 ratio >19.5%)?",Bucket B1: 0 per cent of Adjusted PAT; Bucket B10: 100 per cent of Adjusted PAT,extractive,Medium
CON_046,CON,SEBI,,,Do Passage A and Passage B specify the same minimum proportion of independent trustees for a mutual fund?,No,yes_no,Medium
CON_047,CON,SEBI,,,Do Passage A and Passage B set the same minimum networth requirement for an asset management company?,No,yes_no,Easy
CON_048,CON,SEBI,,,Do Passage A and Passage B define the term 'advertisement' in the same way?,No,yes_no,Medium
CON_049,CON,SEBI,,,Do Passage A and Passage B apply the same shareholding threshold for cross-ownership restrictions in mutual funds?,Yes,yes_no,Hard
TMP_046,TMP,SEBI,"SEBI (Mutual Funds) Regulations, 1996","The original SEBI (Mutual Funds) Regulations, 1996 provided that 'At least 50% of the trustees shall be independent persons and no such trustee shall be an associate or a subsidiary or associated in any manner with the sponsor.' This provision was substituted by the SEBI (Mutual Funds) (Amendment) Regulations, 1998 (w.e.f. 12-1-1998), which raised the requirement: 'Two-thirds of the trustees shall be independent persons and shall not be associated with the sponsors or be associated with them in any manner whatsoever.'",What minimum proportion of independent trustees did SEBI (Mutual Funds) Regulations require before the 1998 amendment?,At least 50 per cent,extractive,Easy
TMP_047,TMP,SEBI,"SEBI (Mutual Funds) Regulations, 1996","Under the SEBI (Mutual Funds) Regulations, 1996, the minimum networth requirement for an asset management company was originally set at rupees ten crore. The SEBI (Mutual Funds) (Amendment) Regulations, 2014 (w.e.f. 06-05-2014) substituted this threshold with 'rupees fifty crore', raising the minimum networth requirement substantially. Existing AMCs that did not meet this higher threshold were given three years from the date of notification of the 2014 amendment to increase their networth to the revised limit.","What minimum AMC networth was introduced by the SEBI (Mutual Funds) Amendment Regulations, 2014, replacing the original threshold?",Rupees fifty crore (replacing the original requirement of rupees ten crore),extractive,Medium
TMP_048,TMP,SEBI,"SEBI (Mutual Funds) Regulations, 1996","Regulations 69, 70, 71, 72, 73 and 74 of the SEBI (Mutual Funds) Regulations, 1996, which dealt with enforcement and enquiry procedures, were omitted by the SEBI (Procedure for Holding Enquiry by Enquiry Officer and Imposing Penalty) Regulations, 2002, w.e.f. 27-9-2002.","From what date were Regulations 69 to 74 of SEBI (Mutual Funds) Regulations, 1996 omitted?",27-9-2002,extractive,Hard
TMP_049,TMP,RBI,"Reserve Bank of India (Small Finance Banks - Prudential Norms on Declaration of Dividend) Directions, 2026","Reserve Bank of India (Small Finance Banks - Prudential Norms on Declaration of Dividend) Directions, 2026 (RBI/2025-26/391, dated March 10, 2026) shall come into effect from Financial Year (FY) 2026-27. Annex III lists the circular repealed: DO R.ACC.REC.118/21-02-067/2025-26 dated November 28, 2025 — Reserve Bank of India (Small Finance Banks - Prudential Norms on Declaration of Dividends) Directions, 2025.","From which financial year do the RBI (Small Finance Banks - Prudential Norms on Declaration of Dividend) Directions, 2026 take effect, and which earlier circular do they repeal?","From Financial Year (FY) 2026-27; they repeal the circular dated November 28, 2025 (DO R.ACC.REC.118/21-02-067/2025-26)",extractive,Medium
TMP_050,TMP,SEBI,"SEBI (Mutual Funds) Regulations, 1996","The original definition of 'advertisement' in the SEBI (Mutual Funds) Regulations, 1996 (clause 2(b)) enumerated specific advertising media: 'every form of advertising, whether in a publication, by display of notices, signs, labels or by means of circulars, catalogues or other documents, by an exhibition of pictures or photographic films, by way of sound broadcasting or television, or in any other manner.' This was substituted by the SEBI (Mutual Funds) (Amendment) Regulations, 2012 (w.e.f. 21-2-2012) with a broader definition: 'all forms of communication issued by or on behalf of the asset management company/mutual fund that may influence investment decisions of any investor/prospective investors.'","What key change did the SEBI (Mutual Funds) Amendment Regulations, 2012 make to the definition of 'advertisement'?",Replaced the enumeration of specific advertising media with a broader definition covering all forms of communication that may influence investment decisions of investors,extractive,Medium
TMP_051,TMP,SEBI,"SEBI (Mutual Funds) Regulations, 1996","The SEBI (Mutual Funds) (Third Amendment) Regulations, 2021 (w.e.f. 08-12-2021) expanded the definition of 'mutual fund'. Before this amendment, the definition covered investment in securities, money market instruments, gold or gold related instruments, and real estate assets. The Third Amendment added 'silver or silver related instruments' as a new permissible asset class and inserted a proviso permitting mutual fund schemes investing in exchange traded commodity derivatives to hold the underlying goods in case of physical settlement of such contracts.",What new asset class was added to the permissible investment universe in the 'mutual fund' definition by the SEBI (Mutual Funds) Third Amendment Regulations of December 2021?,Silver or silver related instruments,extractive,Medium
REG_113,REG,SEBI,"SEBI (Mutual Funds) Regulations, 1996","Seventh Schedule — Restrictions on Investments. 1. A mutual fund scheme shall not invest more than 10% of its NAV in debt instruments comprising money market instruments and non-money market instruments issued by a single issuer which are rated not below investment grade by a credit rating agency authorised to carry out such activity under the Act. Such investment limit may be extended to 12% of the NAV of the scheme with the prior approval of the Board of Trustees and Board of Directors of the asset management company: Provided that such limit shall not be applicable for investments in Government Securities, treasury bills and triparty repo on Government securities or treasury bills.","Under the Seventh Schedule of SEBI (Mutual Funds) Regulations, what is the standard investment limit for debt instruments issued by a single issuer, and under what approval can it be extended to 12% of NAV?",10% of NAV; may be extended to 12% with prior approval of both the Board of Trustees and the Board of Directors of the AMC,extractive,Medium
REG_114,REG,SEBI,"SEBI (Mutual Funds) Regulations, 1996",Seventh Schedule — Restrictions on Investments. 9. No mutual fund [scheme] shall make any investment in— (a) any unlisted security of an associate or group company of the sponsor; or (b) any security issued by way of private placement by an associate or group company of the sponsor; or (c) the listed securities of group companies of the sponsor which is in excess of 25 per cent of the net assets.,What two categories of securities of associate or group companies of the sponsor are absolutely prohibited for mutual fund investment under the Seventh Schedule?,Unlisted securities of an associate or group company of the sponsor; and securities issued by private placement by an associate or group company of the sponsor,extractive,Medium
REG_115,REG,SEBI,"SEBI (Mutual Funds) Regulations, 1996","Seventh Schedule — Restrictions on Investments. 9. No mutual fund [scheme] shall make any investment in— (c) the listed securities of group companies of the sponsor which is in excess of 25 per cent of the net assets, except for investments by equity oriented exchange traded funds and index funds and subject to such conditions as may be specified by the Board.",What is the maximum investment a mutual fund scheme may make in listed securities of group companies of the sponsor?,25 per cent of the net assets (with exceptions for equity oriented ETFs and index funds),extractive,Easy
REG_116,REG,SEBI,"SEBI (Mutual Funds) Regulations, 1996","Seventh Schedule — Restrictions on Investments. 2. No mutual fund under all its schemes should own more than ten per cent of any company's paid up capital carrying voting rights or ten per cent of units of REITs issued by a single issuer, as the case may be.","What is the maximum combined ownership stake that all schemes of a mutual fund may hold in any single company, in terms of paid-up capital carrying voting rights?",Not more than ten per cent of any company's paid up capital carrying voting rights,extractive,Easy
REG_117,REG,SEBI,"SEBI (Mutual Funds) Regulations, 1996","Seventh Schedule — Restrictions on Investments. 3. Transfers of investments from one scheme to another scheme in the same mutual fund shall be allowed only if,— (a) such transfers are done at the prevailing market price for quoted instruments on spot basis. Explanation.— 'Spot basis' shall have same meaning as specified by stock exchange for spot transactions; (b) the securities so transferred shall be in conformity with the investment objective of the scheme to which such transfer has been made.",On what price basis must inter-scheme transfers of quoted securities between schemes of the same mutual fund be conducted?,At the prevailing market price for quoted instruments on spot basis,extractive,Easy
REG_118,REG,SEBI,"SEBI (Mutual Funds) Regulations, 1996","Seventh Schedule — Restrictions on Investments. 4. A scheme may invest in another scheme under the same asset management company or any other mutual fund without charging any fees, provided that aggregate inter-scheme investment made by all schemes under the same management or in schemes under the management of any other asset management company shall not exceed 5% of the net asset value of the mutual fund: Provided that this clause shall not apply to any fund of funds scheme.",What is the maximum aggregate inter-scheme investment that all schemes under one AMC's management may collectively make in other mutual funds?,5 per cent of the net asset value of the mutual fund (this restriction does not apply to fund of funds schemes),extractive,Medium
REG_119,REG,SEBI,"SEBI (Mutual Funds) Regulations, 1996","Seventh Schedule — Restrictions on Investments. 10. No mutual fund scheme shall invest more than 10 per cent of its NAV in the equity shares or equity related instruments of any entity: Provided that, the limit of 10 per cent shall not be applicable for investments in case of index fund or exchange traded fund or sector or industry specific scheme.","Under the Seventh Schedule, what is the maximum investment a mutual fund scheme may make in equity shares and equity related instruments of any single entity, and which types of schemes are exempt from this limit?","10 per cent of NAV; index funds, exchange traded funds, and sector or industry specific schemes are exempt",extractive,Medium
REG_120,REG,SEBI,"SEBI (Mutual Funds) Regulations, 1996","Investment, borrowing, restriction, etc. 44. (2) The mutual fund shall not borrow except to meet temporary liquidity needs of the mutual funds for the purpose of repurchase, redemption of units or payment of interest or dividend to the unitholders: Provided that the mutual fund shall not borrow more than 20 per cent of the net asset of the scheme and the duration of such a borrowing shall not exceed a period of six months.","For what purpose may a mutual fund borrow under SEBI (Mutual Funds) Regulations, and what are the two quantitative limits on such borrowing?","To meet temporary liquidity needs for repurchase, redemption or payment of interest or dividend; borrowing shall not exceed 20 per cent of the net assets of the scheme; duration shall not exceed six months",extractive,Medium
REG_121,REG,SEBI,"SEBI (Mutual Funds) Regulations, 1996","Seventh Schedule — Restrictions on Investments. 12. A fund of funds scheme shall be subject to the following investment restrictions: (a) A fund of funds scheme shall not invest in any other fund of funds scheme; (b) A fund of funds scheme shall not invest its assets other than in schemes of mutual funds, except to the extent of funds required for meeting the liquidity requirements for the purpose of repurchases or redemptions, as disclosed in the offer document of fund of funds scheme.",May a fund of funds scheme invest in another fund of funds scheme under SEBI (Mutual Funds) Regulations?,No. A fund of funds scheme shall not invest in any other fund of funds scheme.,extractive,Easy
REG_122,REG,SEBI,"SEBI (Mutual Funds) Regulations, 1996",Seventh Schedule — Restrictions on Investments. 13. A mutual fund scheme shall not invest — i. more than 10% of its NAV in the units of InvIT; and ii. more than 5% of its NAV in the units of InvIT issued by a single issuer. Provided that the limits mentioned in sub-clauses (i) and (ii) above shall not be applicable for investments in case of index fund or sector or industry specific scheme pertaining to REIT and InvIT.,What are the NAV-based investment limits for a mutual fund scheme in InvIT units — both the overall cap and the cap for units issued by a single InvIT issuer?,Not more than 10% of NAV overall; not more than 5% of NAV in units of a single InvIT issuer,extractive,Medium
REG_123,REG,SEBI,"SEBI (Mutual Funds) Regulations, 1996","Restrictions on business activities of the asset management company. 24. The asset management company shall,— (a) not act as a trustee of any mutual fund; (b) not undertake any business activities other than in the nature of management and advisory services provided to pooled assets including offshore funds, insurance funds, pension funds, provident funds, or such categories of foreign portfolio investor as may be specified by the Board, if any of such activities are not in conflict with the activities of the mutual fund.","Under Regulation 24 of SEBI (Mutual Funds) Regulations, may an AMC act as trustee of any mutual fund?",No. An AMC shall not act as a trustee of any mutual fund.,extractive,Easy
REG_124,REG,SEBI,"SEBI (Mutual Funds) Regulations, 1996","Restrictions on business activities of the asset management company. 24. The asset management company shall...not undertake any business activities other than in the nature of management and advisory services provided to pooled assets including offshore funds, insurance funds, pension funds, provident funds, or such categories of foreign portfolio investor subject to such conditions, as may be specified by the Board, if any of such activities are not in conflict with the activities of the mutual fund.",What is the primary restriction on additional business activities an AMC may engage in under the post-2011 SEBI (Mutual Funds) Regulations?,"The AMC shall not undertake any business activities other than management and advisory services provided to pooled assets (including offshore funds, insurance funds, pension funds, provident funds, and certain foreign portfolio investors)",extractive,Medium
REG_125,REG,SEBI,"SEBI (Mutual Funds) Regulations, 1996","Terms and conditions to be complied with. 22. The approval granted under sub-regulation (2) of regulation 21 shall be subject to the following conditions, namely:— (c) no appointment of a director of an asset management company shall be made without prior approval of the trustees.","Under SEBI (Mutual Funds) Regulations, 1996, whose prior approval is required before a director of an AMC can be appointed?",Prior approval of the trustees,extractive,Easy
REG_126,REG,SEBI,"SEBI (Mutual Funds) Regulations, 1996","Asset management company and its obligations. 25. (18) The asset management company shall not carry out its operations including trading desk, unit holder servicing and investment operations outside the territory of India.","Under Regulation 25(18), may an AMC conduct its operations — including trading, unit holder servicing, and investment operations — outside India?","No. The AMC shall not carry out its operations including trading desk, unit holder servicing and investment operations outside the territory of India.",extractive,Easy
REG_127,REG,SEBI,"SEBI (Mutual Funds) Regulations, 1996",Asset management company and its obligations. 25. (12) The asset management company shall file with the trustees and the Board— (a) detailed bio-data of all its directors along with their interest in other companies within fifteen days of their appointment; (b) any change in the interests of directors every six months.,Within what period must an AMC file detailed bio-data of a newly appointed director with the trustees and the Board?,Within fifteen days of their appointment,extractive,Easy
REG_128,REG,SEBI,"SEBI (Mutual Funds) Regulations, 1996","Asset management company and its obligations. 25. (26) The asset management company shall ensure that no change in the fundamental attributes of any scheme or the trust, fees and expenses payable or any other change which would modify the scheme and affect the interest of unit holders, shall be carried out unless,— (i) a written communication about the proposed change is sent to each unit holder and an advertisement is issued in one English daily newspaper having nationwide circulation as well as in a newspaper published in the language of region where the Head Office of the mutual fund is situated; and (ii) the unit holders are given an option to exit at the prevailing Net Asset Value without any exit load.",What two conditions must an AMC satisfy before making any change to the fundamental attributes of a mutual fund scheme?,Send written communication to each unit holder and issue an advertisement in a nationwide English daily and a regional language newspaper; and provide unit holders an option to exit at the prevailing NAV without any exit load,extractive,Medium
REG_129,REG,SEBI,"SEBI (Mutual Funds) Regulations, 1996","Seventh Schedule — Restrictions on Investments. 8. Pending deployment of funds of a scheme in terms of investment objectives of the scheme, a mutual fund may invest them in short term deposits of schedule commercial banks, subject to such Guidelines as may be specified by the Board.",Where may a mutual fund temporarily invest the funds of a scheme pending their deployment in accordance with the scheme's investment objectives?,In short term deposits of scheduled commercial banks,extractive,Easy
REG_130,REG,SEBI,"SEBI (Mutual Funds) Regulations, 1996",Valuation of investments. 47. The asset management company shall compute and carry out valuation of investments made by the scheme(s) of the mutual fund in accordance with the investment valuation norms specified in the Eighth Schedule and publish the same.,"Which Schedule of SEBI (Mutual Funds) Regulations specifies the norms for valuation of mutual fund scheme investments, and what must the AMC do after computing valuations?",Eighth Schedule; the AMC shall publish the valuations,extractive,Easy
NUM_099,NUM,SEBI,"SEBI (Mutual Funds) Regulations, 1996",Seventh Schedule — Restrictions on Investments. 1. A mutual fund scheme shall not invest more than 10% of its NAV in debt instruments...issued by a single issuer...Such investment limit may be extended to 12% of the NAV of the scheme with the prior approval of the Board of Trustees and Board of Directors of the asset management company.,"To what maximum percentage of NAV can the single-issuer debt investment limit be extended, and whose approvals are needed for this extension?","Up to 12% of NAV, with prior approval of both the Board of Trustees and the Board of Directors of the AMC",extractive,Medium
NUM_100,NUM,SEBI,"SEBI (Mutual Funds) Regulations, 1996","Investment, borrowing, restriction, etc. 44. (2) The mutual fund shall not borrow except to meet temporary liquidity needs...Provided that the mutual fund shall not borrow more than 20 per cent of the net asset of the scheme and the duration of such a borrowing shall not exceed a period of six months.","A mutual fund scheme with net assets of Rs500 crore needs to borrow for redemption pressure. What is the maximum it may borrow, and for what maximum duration?",Rs100 crore (20% of Rs500 crore net assets); maximum duration of six months,calculated,Medium
NUM_101,NUM,SEBI,"SEBI (Mutual Funds) Regulations, 1996",Seventh Schedule. 13. A mutual fund scheme shall not invest— i. more than 10% of its NAV in the units of InvIT; and ii. more than 5% of its NAV in the units of InvIT issued by a single issuer.,"Under the Seventh Schedule, what are the NAV-based caps for a scheme investing in InvIT units — the overall cap and the single-issuer cap?",Overall cap: 10% of NAV; single-issuer cap: 5% of NAV,extractive,Easy
NUM_102,NUM,SEBI,"SEBI (Mutual Funds) Regulations, 1996","Seventh Schedule. 9. No mutual fund [scheme] shall make any investment in...the listed securities of group companies of the sponsor which is in excess of 25 per cent of the net assets, except for investments by equity oriented exchange traded funds and index funds.",What maximum percentage of a mutual fund scheme's net assets may be invested in listed securities of group companies of the sponsor (for non-ETF/index-fund schemes)?,25 per cent of the net assets,extractive,Easy
NUM_103,NUM,SEBI,"SEBI (Mutual Funds) Regulations, 1996","Seventh Schedule. 2. No mutual fund under all its schemes should own more than ten per cent of any company's paid up capital carrying voting rights or ten per cent of units of REITs issued by a single issuer, as the case may be.",All schemes of a mutual fund together hold 9.5% of ABC Limited's paid-up capital carrying voting rights. May they acquire a further 1%?,"No. The combined holding would reach 10.5%, exceeding the 10 per cent cap on ownership of any company's paid up capital carrying voting rights.",calculated,Medium
NUM_104,NUM,SEBI,"SEBI (Mutual Funds) Regulations, 1996","Seventh Schedule. 4. A scheme may invest in another scheme under the same asset management company or any other mutual fund without charging any fees, provided that aggregate inter-scheme investment made by all schemes under the same management or in schemes under the management of any other asset management company shall not exceed 5% of the net asset value of the mutual fund.","The total NAV of all schemes managed by an AMC is Rs2,000 crore. What is the maximum aggregate investment these schemes may collectively make in other mutual fund schemes?","Rs100 crore (5% of Rs2,000 crore)",calculated,Medium
NUM_105,NUM,SEBI,"SEBI (Mutual Funds) Regulations, 1996","Seventh Schedule. 10. No mutual fund scheme shall invest more than 10 per cent of its NAV in the equity shares or equity related instruments of any entity: Provided that, the limit of 10 per cent shall not be applicable for investments in case of index fund or exchange traded fund or sector or industry specific scheme.","A mutual fund scheme (non-index, non-ETF) has NAV of Rs800 crore. What is the maximum investment it may make in equity shares of any single entity?",Rs80 crore (10% of Rs800 crore NAV),calculated,Medium
NUM_106,NUM,SEBI,"SEBI (Mutual Funds) Regulations, 1996","Seventh Schedule (historical). Clause 5 (now omitted): The initial issue expenses in respect of any scheme may not exceed six per cent of the funds raised under that scheme. (This clause was omitted by the SEBI (Mutual Funds) (Amendment) Regulations, 2008, w.e.f. 16-4-2008.)","What was the maximum initial issue expense ratio for a mutual fund scheme under the original Seventh Schedule, and when was this provision omitted?",Six per cent of funds raised; the clause was omitted w.e.f. 16-4-2008,extractive,Hard
CON_050,CON,SEBI,,,"Do Passage A and Passage B impose the same percentage limit on transactions through sponsor-associated brokers, and is the limit measured over the same time period?",No,yes_no,Hard
CON_051,CON,SEBI,,,Do Passage A and Passage B permit the same range of additional business activities for an AMC?,No,yes_no,Hard
CON_052,CON,SEBI,,,Do Passage A and Passage B permit mutual fund schemes to hold any unlisted equity instruments?,No,yes_no,Medium
CON_053,CON,SEBI,,,Do Passage A and Passage B impose the same restriction on investments in unrated or unlisted debt instruments?,No,yes_no,Hard
TMP_052,TMP,SEBI,"SEBI (Mutual Funds) Regulations, 1996","The original Seventh Schedule of SEBI (Mutual Funds) Regulations, 1996 included Clause 5: 'The initial issue expenses in respect of any scheme may not exceed six per cent of the funds raised under that scheme.' This clause was omitted by the SEBI (Mutual Funds) (Amendment) Regulations, 2008, w.e.f. 16-4-2008.","What was the original cap on initial issue expenses for a mutual fund scheme under the Seventh Schedule, and when was this provision omitted?",Six per cent of funds raised; omitted by the 2008 amendment w.e.f. 16-4-2008,extractive,Hard
TMP_053,TMP,SEBI,"SEBI (Mutual Funds) Regulations, 1996","Clause 11 of the Seventh Schedule previously read: 'A mutual fund scheme shall not invest more than 5% of its NAV in the unlisted equity shares or equity related instruments in case of open ended scheme and 10% of its NAV in case of close ended scheme.' This was substituted by the SEBI (Mutual Funds) (Second Amendment) Regulations, 2019 (w.e.f. 23-09-2019) to require that: 'All investments by a mutual fund scheme in equity shares and equity related instruments shall only be made provided such securities are listed or to be listed.'","What fundamental change did the SEBI (Mutual Funds) Second Amendment Regulations, 2019 make to the treatment of unlisted equity instruments under the Seventh Schedule?","Replaced the limited allowance for unlisted equity (5% for open-ended, 10% for close-ended) with a complete requirement that all equity investments be in listed or to-be-listed securities",extractive,Medium
TMP_054,TMP,SEBI,"SEBI (Mutual Funds) Regulations, 1996","The original Regulation 47 of SEBI (Mutual Funds) Regulations required: 'Every mutual fund shall ensure that the asset management company computes and carries out valuation of investments made by its scheme(s) in accordance with the investment valuation norms specified in the Eighth Schedule.' This obligation was subsequently moved to Regulation 25(19) and Regulation 47 was substituted by the SEBI (Mutual Funds) (Amendment) Regulations, 2023.","Under the original SEBI (Mutual Funds) Regulations, which regulation required mutual funds to ensure that their AMC computed valuations in accordance with the Eighth Schedule?",Regulation 47,extractive,Hard
TMP_055,TMP,SEBI,"SEBI (Mutual Funds) Regulations, 1996","The original Regulation 45 of SEBI (Mutual Funds) Regulations, 1996 provided: 'The funds of a scheme shall not in any manner be used in option trading or in short selling or carry forward transactions.' This absolute prohibition was substantially modified by the SEBI (Mutual Funds) (Second Amendment) Regulations, 2007 (w.e.f. 31-10-2007) to permit mutual funds to engage in short selling transactions and derivatives transactions on recognised stock exchanges, subject to the framework specified by the Board.","Under the original SEBI (Mutual Funds) Regulations, 1996, were mutual fund schemes permitted to use scheme funds in option trading, short selling, or carry forward transactions?","No. The original Regulation 45 absolutely prohibited the use of scheme funds in option trading, short selling, or carry forward transactions.",extractive,Medium
TMP_056,TMP,SEBI,"SEBI (Mutual Funds) Regulations, 1996","SEBI (Mutual Funds) Regulations, 1996: 'The mutual fund having an aggregate of securities which are worth Rs. 10 crores or more, as on the latest balance-sheet date, shall subject to such instructions as may be issued from time to time by the Board settle their transactions entered on or after January 15, 1998, only through dematerialised securities.' (This provision was inserted by the SEBI (Mutual Funds) (Amendment) Regulations, 1998, w.e.f. 12-1-1998.)",From what date were mutual funds with securities worth Rs.10 crore or more required to settle transactions only through dematerialised securities?,"Transactions entered on or after January 15, 1998",extractive,Hard
REG_131,REG,SEBI,"SEBI (Investment Advisers) Regulations, 2013","Regulation 3(1): On and from the commencement of these regulations, no person shall act as an investment adviser or hold itself out as an investment adviser unless he has obtained a certificate of registration from the Board under these regulations.","Under the SEBI (Investment Advisers) Regulations, 2013, can a person provide investment advisory services without first obtaining a certificate of registration from SEBI?",No. Regulation 3(1) prohibits any person from acting as an investment adviser or holding itself out as an investment adviser unless it has obtained a certificate of registration from the Board (SEBI) under these regulations.,extractive,Easy
REG_132,REG,SEBI,"SEBI (Investment Advisers) Regulations, 2013",Regulation 4: The following persons shall not be required to seek registration under regulation 3 subject to the fulfillment of the conditions stipulated therefor — (b) Any insurance agent or insurance broker who offers investment advice solely in insurance products and is registered with Insurance Regulatory and Development Authority for such activity.,"Is an insurance broker who advises clients on insurance products required to register as an investment adviser under SEBI (Investment Advisers) Regulations, 2013?","No. Under Regulation 4(b), any insurance agent or insurance broker who offers investment advice solely in insurance products and is registered with the Insurance Regulatory and Development Authority (IRDAI) for such activity is exempt from the registration requirement under these regulations.",extractive,Easy
REG_133,REG,SEBI,"SEBI (Investment Advisers) Regulations, 2013","Regulation 4(f): Any member of Institute of Chartered Accountants of India, Institute of Company Secretaries of India, Institute of Cost and Works Accountants of India, Actuarial Society of India or any other professional body as may be specified by the Board, who provides investment advice to their clients, incidental to his professional service.","Does a Chartered Accountant who incidentally provides investment advice to clients in the course of professional services need to register as an investment adviser under SEBI IA Regulations, 2013?","No. Under Regulation 4(f), any member of the Institute of Chartered Accountants of India (or other specified professional bodies such as ICSI, ICMAI, or the Actuarial Society of India) who provides investment advice to clients incidental to their professional service is exempt from registration as an investment adviser.",extractive,Easy
REG_134,REG,SEBI,"SEBI (Investment Advisers) Regulations, 2013",Regulation 4(i): Any person who provides investment advice exclusively to clients based out of India: Provided that persons providing investment advice to Non-Resident Indian or Person of Indian Origin shall fall within the purview of these regulations.,"A person based in India provides investment advice exclusively to foreign clients. Does this person need to register as an investment adviser under SEBI IA Regulations, 2013? Would the answer differ if some of those foreign clients are Non-Resident Indians?","A person providing investment advice exclusively to clients based outside India is exempt from registration under Regulation 4(i). However, if any of the overseas clients are Non-Resident Indians (NRIs) or Persons of Indian Origin (PIOs), the exemption does not apply to advice given to those persons — they fall within the purview of these regulations, meaning the adviser must be registered with SEBI to advise NRIs/PIOs.",extractive,Medium
REG_135,REG,SEBI,"SEBI (Investment Advisers) Regulations, 2013","Regulation 7(1): An individual investment adviser or a principal officer of a non-individual investment adviser registered as an investment adviser under these regulations or persons associated with investment advice, shall have the following minimum qualification, at all times — (a) A graduate degree or any equivalent educational qualification from a university or institution recognized by the Central Government or any State Government or a recognised foreign university or institution or association or CFA Charter from the CFA Institute, and relevant certification from NISM or from any other organization or institution accredited by NISM; or (c) A Post Graduate Program in the Securities Market (Investment Advisory) from NISM or a Post Graduate Program in Financial Planning from NISM or any other program of NISM as may be specified by the Board.","What are the minimum qualification requirements for an individual investment adviser under the SEBI (Investment Advisers) Regulations, 2013 (as currently amended)?","Under Regulation 7(1), an individual investment adviser must, at all times, hold either: (a) a graduate degree (or equivalent) from a recognized university or CFA Charter from the CFA Institute, combined with relevant NISM certification or certification from an NISM-accredited organization; or (c) a Post Graduate Program in Securities Market (Investment Advisory) or a Post Graduate Program in Financial Planning from NISM, or any other NISM program as specified by the Board.",extractive,Medium
REG_136,REG,SEBI,"SEBI (Investment Advisers) Regulations, 2013",Regulation 10: The certificate of registration granted under regulation 9 shall be valid till it is suspended or cancelled by the Board.,"For how long is a certificate of registration granted to an investment adviser under SEBI (Investment Advisers) Regulations, 2013 valid?","The certificate of registration is valid till it is suspended or cancelled by the Board — it does not have a fixed expiry date. Under Regulation 10, the certificate remains in force indefinitely unless the Board suspends or cancels it.",extractive,Easy
REG_137,REG,SEBI,"SEBI (Investment Advisers) Regulations, 2013","Regulation 13(e): individuals registered as investment advisers whose number of clients exceed three hundred at any point of time or the fee collected during the financial year exceeds three crore rupees, whichever is earlier shall — (i) immediately intimate the Administration and Supervisory Body and initiate the process of transition from individual to non-individual investment adviser; and (ii) apply for grant of in-principle approval for registration as non-individual investment adviser within 3 months from the date on which the threshold is reached.","Under SEBI IA Regulations, 2013, what dual threshold triggers the mandatory transition of an individual investment adviser to non-individual status, and what must the IA do upon breaching the threshold?","An individual investment adviser must transition to non-individual status when either: (i) the number of clients exceeds 300 at any point of time, OR (ii) the fee collected during the financial year exceeds Rs 3 crore — whichever occurs earlier. Upon breaching the threshold, the IA must immediately intimate the Administration and Supervisory Body and initiate the transition process, and must apply for in-principle approval for non-individual registration within 3 months from the date the threshold is reached.",extractive,Medium
REG_138,REG,SEBI,"SEBI (Investment Advisers) Regulations, 2013",Regulation 13(h): the number of clients of a part-time investment adviser shall not exceed seventy-five in total at any point of time.,"What is the maximum number of clients that a part-time investment adviser registered under SEBI IA Regulations, 2013 is permitted to have at any point in time?","A part-time investment adviser shall not have more than seventy-five clients in total at any point in time, as provided under Regulation 13(h).",extractive,Easy
REG_139,REG,SEBI,"SEBI (Investment Advisers) Regulations, 2013",Regulation 15(1): An investment adviser shall act in a fiduciary capacity towards its clients and shall disclose all conflicts of interests as and when they arise.,"What is the general responsibility of an investment adviser towards its clients under SEBI IA Regulations, 2013?","Under Regulation 15(1), an investment adviser shall act in a fiduciary capacity towards its clients and shall disclose all conflicts of interests as and when they arise.",extractive,Easy
REG_140,REG,SEBI,"SEBI (Investment Advisers) Regulations, 2013","Regulation 15(2): An investment adviser shall not receive any consideration by way of remuneration or compensation or in any other form from any person other than the client being advised, in respect of the underlying products or securities for which advice is provided.","Can an investment adviser registered under SEBI IA Regulations, 2013 accept a commission from a mutual fund house for recommending its schemes to the adviser's clients?","No. Regulation 15(2) prohibits an investment adviser from receiving any consideration — whether by way of remuneration, compensation, or in any other form — from any person other than the client being advised, in respect of the underlying products or securities for which advice is provided. Accepting a commission from a mutual fund house (a third party) in respect of products recommended to clients would violate this prohibition.",extractive,Medium
REG_141,REG,SEBI,"SEBI (Investment Advisers) Regulations, 2013","Regulation 15(7): An investment advisor shall not enter into transactions on its own account which is contrary to its advice given to clients for a period of fifteen days from the day of such advice. Provided that during the period of such fifteen days, if the investment adviser is of the opinion that the situation has changed, then it may enter into such a transaction on its own account after giving such revised assessment to the client at least 24 hours in advance of entering into such transaction.","Under SEBI IA Regulations, 2013, if an investment adviser advised clients to buy a stock on a certain date but subsequently believes the situation has changed within 10 days, can the adviser immediately sell the same stock from its own account?","No, not immediately. Under Regulation 15(7), an investment adviser is prohibited from entering transactions on its own account contrary to client advice for 15 days from the day of advice. Even if the situation has changed within those 15 days, the adviser cannot act immediately — it must first give a revised assessment to clients at least 24 hours in advance before entering the contrary own-account transaction. So the adviser must provide the revised assessment and then wait at least 24 hours before selling from its own account.",extractive,Hard
REG_142,REG,SEBI,"SEBI (Investment Advisers) Regulations, 2013","Regulation 16(a): it obtains from the client, such information as is necessary for the purpose of giving investment advice, including the following: (i) age; (ii) investment objectives including time for which they wish to stay invested, the purposes of the investment; (iii) income details; (iv) existing investments/assets; (v) risk appetite/tolerance; (vi) liability/borrowing details.","What six categories of client information must an investment adviser obtain from a client for the purpose of risk profiling under SEBI IA Regulations, 2013?","Under Regulation 16(a), an investment adviser must obtain: (i) age; (ii) investment objectives including the time horizon and purpose of investment; (iii) income details; (iv) existing investments and assets; (v) risk appetite and risk tolerance; and (vi) liability and borrowing details.",extractive,Medium
REG_143,REG,SEBI,"SEBI (Investment Advisers) Regulations, 2013","Regulation 19(2): All records shall be maintained either in physical or electronic form and preserved for a minimum period of five years: Provided that where records are required to be duly signed and are maintained in electronic form, such records shall be digitally signed.","For how long must an investment adviser preserve its records under SEBI IA Regulations, 2013, and what additional requirement applies to electronically maintained records that require signatures?","Under Regulation 19(2), all records must be maintained and preserved for a minimum period of five years. If records that are required to be duly signed are maintained in electronic form, they must be digitally signed.",extractive,Easy
REG_144,REG,SEBI,"SEBI (Investment Advisers) Regulations, 2013",Regulation 19(3): An investment adviser shall conduct yearly audit in respect of compliance with these regulations from a member of Institute of Chartered Accountants of India or Institute of Company Secretaries of India or Institute of Cost Accountants of India and submit a report of the same as may be specified by the Board.,"What type of audit is required of an investment adviser under SEBI IA Regulations, 2013, and who is qualified to conduct it?","Under Regulation 19(3), an investment adviser must conduct a yearly compliance audit in respect of compliance with these regulations. The audit must be conducted by a member of the Institute of Chartered Accountants of India, Institute of Company Secretaries of India, or Institute of Cost Accountants of India. The adviser must also submit a report of the audit as specified by the Board.",extractive,Medium
REG_145,REG,SEBI,"SEBI (Investment Advisers) Regulations, 2013",Regulation 21(1): The Investment Adviser shall redress investor grievances promptly but not later than twenty-one calendar days from the date of receipt of the grievance and in such manner as may be specified by the Board.,"What is the maximum time limit within which an investment adviser must redress investor grievances under SEBI IA Regulations, 2013?","Under Regulation 21(1), an investment adviser must redress investor grievances promptly and not later than twenty-one calendar days from the date of receipt of the grievance.",extractive,Easy
REG_146,REG,SEBI,"SEBI (Investment Advisers) Regulations, 2013",Regulation 22(1): An individual investment adviser shall not provide distribution services. (2) The family of an individual investment adviser shall not provide distribution services to the client advised by the individual investment adviser and no individual investment adviser shall provide advice to a client who is receiving distribution services from other family members.,"Can an individual investment adviser registered under SEBI IA Regulations, 2013 simultaneously provide distribution services to clients? Can the adviser's spouse provide distribution services to those same clients?","No on both counts. Under Regulation 22(1), an individual investment adviser is prohibited from providing distribution services. Under Regulation 22(2), the family of an individual investment adviser (which includes the spouse) cannot provide distribution services to the same clients advised by the individual investment adviser. Moreover, the individual investment adviser cannot provide advice to clients who are receiving distribution services from family members.",extractive,Medium
REG_147,REG,SEBI,"SEBI (Investment Advisers) Regulations, 2013","Regulation 22A: (1) Investment adviser may provide implementation services to the advisory clients in securities market: Provided that investment advisers shall ensure that no consideration including any commission or referral fees, whether embedded or indirect or otherwise, by whatever name called is received; directly or indirectly, at investment adviser's group or family level for the said service. (2) Investment adviser shall provide implementation services to its advisory clients only through direct schemes/products in the securities market. (3) Investment adviser or group or family of investment adviser shall not charge any implementation fees from the client. (4) The client shall not be under any obligation to avail implementation services offered by the investment adviser.","Under SEBI IA Regulations, 2013, what are the four key conditions governing an investment adviser's provision of implementation services to advisory clients?","Under Regulation 22A, implementation services may be provided subject to four conditions: (1) No consideration (commission, referral fees, or any indirect benefit) shall be received by the investment adviser or its group or family at any level for the implementation service; (2) Implementation services must be provided only through direct schemes/products in the securities market; (3) No implementation fees shall be charged from the client by the investment adviser, its group, or family; (4) The client is not under any obligation to avail the implementation services offered by the adviser.",extractive,Hard
REG_148,REG,SEBI,"SEBI (Investment Advisers) Regulations, 2013","Regulation 24(1): Before ordering an inspection under regulation 23, the Board shall give not less than ten days notice to the investment adviser. (2) Notwithstanding anything contained in sub-regulation (1), where the Board is satisfied that in the interest of the investors no such notice should be given, it may by an order in writing direct that the inspection of the affairs of the investment adviser be taken up without such notice.","How much advance notice must SEBI give to an investment adviser before ordering an inspection under SEBI IA Regulations, 2013? Under what circumstances can SEBI dispense with this notice?","Under Regulation 24(1), the Board must give not less than ten days notice to the investment adviser before ordering an inspection. However, under Regulation 24(2), if the Board is satisfied that in the interest of investors no such notice should be given, it may by an order in writing direct that the inspection be taken up without notice — effectively enabling immediate inspections when investor interests so require.",extractive,Medium
NUM_107,NUM,SEBI,"SEBI (Investment Advisers) Regulations, 2013",Regulation 19(2): All records shall be maintained either in physical or electronic form and preserved for a minimum period of five years.,"An investment adviser provides investment advice to a client on November 15, 2023. Under SEBI IA Regulations, 2013, what is the earliest date on which the records related to this advice may lawfully be destroyed?","Under Regulation 19(2), records must be preserved for a minimum of 5 years from the date of the advice. From November 15, 2023, adding 5 years gives November 15, 2028. The records must be preserved at least until November 15, 2028 (i.e., the minimum preservation period ends on November 15, 2028). The earliest date on which they may be destroyed is November 16, 2028.",calculated,Medium
NUM_108,NUM,SEBI,"SEBI (Investment Advisers) Regulations, 2013","Regulation 13(e): individuals registered as investment advisers whose number of clients exceed three hundred at any point of time or the fee collected during the financial year exceeds three crore rupees, whichever is earlier shall — (i) immediately intimate the Administration and Supervisory Body and initiate the process of transition from individual to non-individual investment adviser.","An individual investment adviser currently has 287 clients. Over the next month, 18 new clients are onboarded. How many total clients does the adviser now have, and by how many clients does this exceed the regulatory threshold that triggers mandatory transition to non-individual status?",Total clients after onboarding: 287 + 18 = 305. The regulatory threshold under Regulation 13(e) is 300 clients. Excess above threshold: 305 − 300 = 5 clients. The adviser has exceeded the threshold by 5 clients and must immediately initiate the transition to non-individual investment adviser status.,calculated,Easy
NUM_109,NUM,SEBI,"SEBI (Investment Advisers) Regulations, 2013",Regulation 13(h): the number of clients of a part-time investment adviser shall not exceed seventy-five in total at any point of time.,"A part-time investment adviser currently serves 68 clients. They plan to onboard 8 new clients in the coming week. After onboarding all 8 clients, how many total clients will the adviser have, and by how many would this exceed the regulatory limit? How many of the planned new clients can be legitimately onboarded?","Proposed total: 68 + 8 = 76 clients. The regulatory limit under Regulation 13(h) is 75 clients. Excess: 76 − 75 = 1 client. The adviser would exceed the limit by 1. Therefore, only 7 of the 8 planned new clients can be legitimately onboarded (68 + 7 = 75 = limit). The 8th client cannot be onboarded.",calculated,Medium
NUM_110,NUM,SEBI,"SEBI (Investment Advisers) Regulations, 2013","Regulation 15(7): An investment advisor shall not enter into transactions on its own account which is contrary to its advice given to clients for a period of fifteen days from the day of such advice. Provided that during the period of such fifteen days, if the investment adviser is of the opinion that the situation has changed, then it may enter into such a transaction on its own account after giving such revised assessment to the client at least 24 hours in advance of entering into such transaction.","An investment adviser issues a buy recommendation on Stock A to clients on January 10. On January 22, the adviser believes the situation has changed and wants to sell Stock A from its own account. Is January 22 within the 15-day prohibition window? If the adviser gives clients a revised assessment on January 22 at 3:00 PM, what is the earliest date and time at which the adviser can enter the contrary own-account sell transaction?","The 15-day prohibition runs from January 10 through January 24 (inclusive; day 1 = January 10, day 15 = January 24). January 22 falls within the prohibition window. Since the situation has changed, the adviser may still transact within the 15-day period provided it gives clients a revised assessment at least 24 hours in advance. If the revised assessment is communicated on January 22 at 3:00 PM, the earliest permissible time to enter the contrary sell transaction is January 23 at 3:00 PM (i.e., 24 hours later).",calculated,Hard
NUM_111,NUM,SEBI,"SEBI (Investment Advisers) Regulations, 2013",Regulation 21(1): The Investment Adviser shall redress investor grievances promptly but not later than twenty-one calendar days from the date of receipt of the grievance.,"An investor lodges a grievance with an investment adviser on March 5, 2025. What is the regulatory deadline by which the investment adviser must redress the grievance under SEBI IA Regulations, 2013?","Under Regulation 21(1), the investment adviser must redress the grievance not later than 21 calendar days from the date of receipt. March 5, 2025 + 21 calendar days = March 26, 2025. The regulatory deadline for redressal is March 26, 2025.",calculated,Easy
NUM_112,NUM,SEBI,"SEBI (Investment Advisers) Regulations, 2013","Regulation 28A(1): The Board may, exempt any person or class of persons from the operation of all or any of the provisions of these regulations for a period as may be specified but not exceeding twelve months, for furthering innovation relating to testing new products, processes, services, business models, etc. in live environment of regulatory sandbox in the securities markets.","A fintech company seeks a regulatory sandbox exemption from SEBI under the SEBI (Investment Advisers) Regulations, 2013. SEBI grants an initial exemption of 8 months. If SEBI grants an extension, what is the maximum total duration of the regulatory sandbox exemption permissible under these regulations?","Under Regulation 28A(1), a regulatory sandbox exemption may be granted for a period not exceeding twelve months. Regardless of extensions, the total exemption duration cannot exceed 12 months. Even though an initial 8-month exemption was granted, the maximum total duration permissible is 12 months. Any extension beyond the initial 8 months can be for at most 4 more months.",calculated,Easy
NUM_113,NUM,SEBI,"SEBI (Investment Advisers) Regulations, 2013","Regulation 13(e): individuals registered as investment advisers whose number of clients exceed three hundred at any point of time or the fee collected during the financial year exceeds three crore rupees, whichever is earlier shall immediately initiate the process of transition from individual to non-individual investment adviser.","An individual investment adviser collected fees of Rs 2.65 crore in the first eight months of the financial year. In the ninth month they collected Rs 0.22 crore and in the tenth month Rs 0.18 crore. At the end of which month is the fee-based transition threshold breached, and what is the total fee at that point?","Cumulative fees: After 8 months = Rs 2.65 crore. After month 9: 2.65 + 0.22 = Rs 2.87 crore (threshold of Rs 3 crore not yet breached). After month 10: 2.87 + 0.18 = Rs 3.05 crore (exceeds Rs 3 crore). The fee threshold is breached at the end of the 10th month, when total fees reach Rs 3.05 crore. Excess above threshold = Rs 3.05 − Rs 3.00 = Rs 0.05 crore.",calculated,Medium
NUM_114,NUM,SEBI,"SEBI (Investment Advisers) Regulations, 2013","Regulation 15(7): An investment advisor shall not enter into transactions on its own account which is contrary to its advice given to clients for a period of fifteen days from the day of such advice. Provided that during the period of such fifteen days, if the investment adviser is of the opinion that the situation has changed, then it may enter into such a transaction on its own account after giving such revised assessment to the client at least 24 hours in advance of entering into such transaction.","An investment adviser gave clients a sell recommendation on Bond X on April 1. On April 14, the adviser issues a revised assessment to clients. On April 16, the adviser wants to buy Bond X for its own account (contrary to the original sell recommendation). Is the April 16 transaction permissible?","The 15-day prohibition window runs from April 1 to April 15 (inclusive). April 16 falls outside the 15-day prohibition window, so the adviser may freely enter the contrary own-account buy transaction on April 16 without the need to invoke the revised-assessment exception. The transaction on April 16 is permissible. (Note: the revised assessment on April 14 was not strictly necessary for transacting on April 16, as the prohibition expired on April 15.)",calculated,Hard
CON_054,CON,SEBI,,,Do these two versions of Regulation 10 impose the same validity period for an investment adviser's certificate of registration?,No,yes_no,Easy
CON_055,CON,SEBI,,,Do the original Regulation 8 and the 2024-amended Regulation 8 impose the same financial requirement on non-individual investment advisers?,No,yes_no,Medium
CON_056,CON,SEBI,,,Do the original Regulation 21(1) and the 2023-amended Regulation 21(1) impose the same maximum time limit for an investment adviser to redress client grievances?,No,yes_no,Medium
CON_057,CON,SEBI,,,Do the pre-2025 and post-2025 versions of Regulation 7(1)(a) impose the same educational qualification requirement on individual investment advisers?,No,yes_no,Hard
CON_058,CON,SEBI,,,Does the original Regulation 22 (2013) and the 2020-amended Regulation 22 permit individual investment advisers to simultaneously provide both advisory and distribution services to the same client?,No,yes_no,Hard
CON_059,CON,SEBI,,,Do the original definition of 'representative' and the 2020-amended definition of 'persons associated with investment advice' cover the same set of persons within an investment advisory firm?,No,yes_no,Medium
TMP_057,TMP,SEBI,"SEBI (Investment Advisers) Regulations, 2013","Regulation 10 (original, 2013): The certificate of registration granted under regulation 9 shall be valid for a period of five years from the date of its issue. [Amended by SEBI (Change in Conditions of Registration of Certain Intermediaries) (Amendment) Regulations, 2016, w.e.f. 08-12-2016]: The certificate of registration granted under regulation 9 shall be valid till it is suspended or cancelled by the Board.","What was the validity period of an investment adviser's certificate of registration under the original SEBI (Investment Advisers) Regulations, 2013, and when was it changed to perpetual validity?","Under the original 2013 regulations, a certificate of registration was valid for a period of five years from the date of its issue and required renewal thereafter. This was changed to perpetual validity (valid till suspended or cancelled by the Board) by the Securities and Exchange Board of India (Change in Conditions of Registration of Certain Intermediaries) (Amendment) Regulations, 2016, which came into force on 8 December 2016.",extractive,Easy
TMP_058,TMP,SEBI,"SEBI (Investment Advisers) Regulations, 2013","Regulation 8 (Networth, pre-2024): (1) Investment advisers who are non-individuals shall have a net worth of not less than fifty lakh rupees. (2) Investment advisers who are individuals shall have net tangible assets of value not less than five lakh rupees: Provided that existing investment advisers shall comply with the networth requirement within three years from the date of commencement of the SEBI (Investment Advisers) (Amendment) Regulations, 2020. [Substituted as 'Deposit' by SEBI (Investment Advisers) (Second Amendment) Regulations, 2024, w.e.f. 16-12-2024.]","What was the networth requirement for non-individual investment advisers under the SEBI (Investment Advisers) Regulations, 2013 before the 2024 amendment substituted it with a 'deposit' requirement?","Before the substitution by the SEBI (Investment Advisers) (Second Amendment) Regulations, 2024 (w.e.f. 16-12-2024), Regulation 8 required non-individual investment advisers to have a net worth of not less than fifty lakh rupees. Individual investment advisers were required to have net tangible assets of not less than five lakh rupees. The 2024 amendment replaced these specific numerical thresholds with a 'deposit' of such sum as specified by the Board from time to time.",extractive,Easy
TMP_059,TMP,SEBI,"SEBI (Investment Advisers) Regulations, 2013","Regulation 7(1)(a) (pre-2020 Amendment): A professional qualification or graduate degree or post-graduate degree or post graduate diploma (minimum two years in duration) in finance, accountancy, business management, commerce, economics, capital market, banking, insurance or actuarial science or other financial services as may be specified from a university or an institution recognized by the Central Government or any State Government or a recognised foreign university or institution or association or a professional qualification by completing a Post Graduate Program in the Securities Market (Investment Advisory) from NISM of a duration not less than one year or a professional qualification by obtaining a CFA Charter from the CFA Institute. [As substituted w.e.f. 30-09-2020 and further updated w.e.f. 25-11-2025]: A graduate degree or any equivalent educational qualification from a recognized institution or CFA Charter, and relevant certification from NISM or accredited body.","How did the minimum qualification requirement for individual investment advisers under SEBI IA Regulations change with the 2020 amendment, and what further modification was made in 2025?","Under the original 2013 regulations, Regulation 7(1)(a) required a professional qualification or PG degree/diploma of minimum two years duration specifically in finance, accountancy, business management, commerce, economics, capital markets, banking, insurance, or actuarial science — or a CFA Charter. The SEBI (Investment Advisers) (Amendment) Regulations, 2020 (w.e.f. 30-09-2020) broadened this by permitting any professional qualification or graduate/post-graduate degree or diploma with no restriction on field of study, alongside NISM certification. The SEBI (Investment Advisers) (Second Amendment) Regulations, 2025 (w.e.f. 25-11-2025) further updated Regulation 7(1)(a) to require only a graduate degree (any discipline) or CFA Charter plus relevant NISM certification — removing the old requirement for a finance-specific discipline or work experience.",extractive,Medium
TMP_060,TMP,SEBI,"SEBI (Investment Advisers) Regulations, 2013","Regulation 22 (original, 2013): Investment advisers which are banks, NBFCs and body corporate providing distribution or execution services to their clients shall keep their investment advisory services segregated from such activities: Provided that such distribution or execution services can only be offered subject to the following: (a) The client shall not be under any obligation to avail the distribution or execution services offered by the investment adviser. (b) The investment adviser shall maintain arms length relationship. (c) All fees and charges paid to distribution or execution service providers by the client shall be paid directly to the service providers and not through the investment adviser. [Substituted by SEBI (IA) (Amendment) Regulations, 2020, w.e.f. 30-09-2020 to require: individual IAs cannot provide distribution services; non-individual IAs to have client-level segregation at group level.]","What was the original scope of Regulation 22 in the SEBI (Investment Advisers) Regulations, 2013, and how did the 2020 amendment fundamentally change its coverage?","The original Regulation 22 (2013) was titled 'Segregation of execution services' and applied only to investment advisers that are banks, NBFCs, and body corporates which also provide distribution or execution services. Such entities could continue offering distribution services alongside advice provided they maintained operational segregation, ensured clients were not obligated to avail distribution services, maintained arms-length relationships, and ensured fees were paid directly to service providers. Individual investment advisers were not explicitly covered. The SEBI (Investment Advisers) (Amendment) Regulations, 2020 (w.e.f. 30-09-2020) completely substituted Regulation 22 — retitling it 'Client level segregation of advisory and distribution activities.' The 2020 version imposed a complete prohibition on individual investment advisers (and their families) from providing distribution services, and replaced the prior operational-segregation approach for non-individual entities with a stricter client-level segregation at the group level.",extractive,Medium
TMP_061,TMP,SEBI,"SEBI (Investment Advisers) Regulations, 2013","Regulation 21(1) (original, pre-2023): An investment adviser shall redress client grievances promptly. [As amended by SEBI (Facilitation of Grievance Redressal Mechanism) (Amendment) Regulations, 2023, w.e.f. 18-08-2023]: The Investment Adviser shall redress investor grievances promptly but not later than twenty-one calendar days from the date of receipt of the grievance and in such manner as may be specified by the Board.","When was the specific 21-calendar-day deadline for redressing investor grievances introduced for investment advisers, and what did the regulation previously require?","The 21-calendar-day deadline for redressing investor grievances was introduced by the Securities and Exchange Board of India (Facilitation of Grievance Redressal Mechanism) (Amendment) Regulations, 2023, with effect from 18 August 2023. Prior to this amendment, Regulation 21(1) of the SEBI (Investment Advisers) Regulations, 2013 only required that an investment adviser 'redress client grievances promptly' — a qualitative standard with no specific numerical time limit.",extractive,Easy
TMP_062,TMP,SEBI,"SEBI (Investment Advisers) Regulations, 2013","Regulation 13(e) (as amended w.e.f. 25-11-2025 by SEBI (Investment Advisers) (Second Amendment) Regulations, 2025): individuals registered as investment advisers whose number of clients exceed three hundred at any point of time or the fee collected during the financial year exceeds three crore rupees, whichever is earlier shall — (i) immediately intimate the Administration and Supervisory Body and initiate the process of transition from individual to non-individual investment adviser; and (ii) apply for grant of in-principle approval for registration as non-individual investment adviser within 3 months from the date on which the threshold is reached. [Prior to this amendment, per the 2020 version]: individuals... shall — (i) apply for grant of in-principle registration as non-individual investment adviser; (ii) the in-principle registration shall be valid for a period of three months.","What procedural change did the SEBI (Investment Advisers) (Second Amendment) Regulations, 2025 make to the transition process for individual investment advisers who breach the 300-client or Rs 3 crore fee threshold?","The SEBI (Investment Advisers) (Second Amendment) Regulations, 2025 (w.e.f. 25-11-2025) amended Regulation 13(e) to add a new intermediate step: upon breaching the threshold, the individual IA must first immediately intimate the Administration and Supervisory Body and initiate the transition process before applying for in-principle approval. The 2020 version of Regulation 13(e) only required directly applying for in-principle registration as a non-individual investment adviser. The 3-month window for applying for in-principle approval was retained by the 2025 amendment, but an explicit intimation obligation was added as a new first step.",extractive,Hard
TMP_063,TMP,SEBI,"SEBI (Investment Advisers) Regulations, 2013","Regulation 13(h) (inserted by SEBI (Investment Advisers) (Second Amendment) Regulations, 2024, w.e.f. 16-12-2024): the number of clients of a part-time investment adviser shall not exceed seventy-five in total at any point of time. Regulation 2(1)(qa) (inserted w.e.f. 16-12-2024): 'part-time investment adviser' means an individual or a firm, who for consideration, is engaged in the business of providing investment advice and is also engaged in any other business activity or employment.","When was the category of 'part-time investment adviser' and the 75-client limit introduced under SEBI IA Regulations, 2013, and what is the definition of a part-time investment adviser?","The concept of 'part-time investment adviser' and the 75-client limit were both introduced by the Securities and Exchange Board of India (Investment Advisers) (Second Amendment) Regulations, 2024, with effect from 16 December 2024. A 'part-time investment adviser' is defined under Regulation 2(1)(qa) as an individual or a firm who, for consideration, is engaged in the business of providing investment advice and is also engaged in any other business activity or employment. Prior to this amendment, there was no regulatory distinction between full-time and part-time investment advisers.",extractive,Medium
TMP_064,TMP,SEBI,"SEBI (Investment Advisers) Regulations, 2013","Regulation 15(14) (inserted by SEBI (Investment Advisers) (Second Amendment) Regulations, 2024, w.e.f. 16-12-2024): An investment adviser who uses Artificial Intelligence tools, irrespective of the scale and scenario of adoption of such tools, for servicing its clients shall be solely responsible for the security, confidentiality, integrity of the client data, use of any other information or data to arrive at investment advice, investment advice based on output of Artificial Intelligence tools and compliance with any law for the time being in force.","When was the regulatory obligation regarding the use of Artificial Intelligence tools by investment advisers first introduced under SEBI IA Regulations, 2013, and what does it require?","The obligation regarding the use of Artificial Intelligence tools was first introduced by the Securities and Exchange Board of India (Investment Advisers) (Second Amendment) Regulations, 2024, with effect from 16 December 2024 (Regulation 15(14)). It requires that any investment adviser using AI tools for servicing clients — irrespective of the scale or nature of AI adoption — shall be solely responsible for: the security, confidentiality, and integrity of client data; any other information or data used to arrive at investment advice; investment advice based on the output of AI tools; and compliance with all applicable laws.",extractive,Medium
REG_149,REG,SEBI,"SEBI (Alternative Investment Funds) Regulations, 2012","Regulation 3(1): On and from the commencement of these regulations, no entity or person shall act as an Alternative Investment Fund unless it has obtained a certificate of registration from the Board.","Can an entity in India operate as an Alternative Investment Fund without obtaining a certificate of registration from SEBI under the SEBI (AIF) Regulations, 2012?","No. Under Regulation 3(1), no entity or person shall act as an Alternative Investment Fund on and from the commencement of these regulations unless it has obtained a certificate of registration from the Board (SEBI).",extractive,Easy
REG_150,REG,SEBI,"SEBI (Alternative Investment Funds) Regulations, 2012","Regulation 3(7): Without prejudice to the powers of the Board to take any action under the Act or regulations made thereunder, the certificate of registration shall be valid till the Alternative Investment Fund is wound up.","For how long is a certificate of registration granted to an Alternative Investment Fund under SEBI (AIF) Regulations, 2012 valid?","Under Regulation 3(7), the certificate of registration is valid until the Alternative Investment Fund is wound up. The certificate does not have a fixed time-bound expiry — it remains in force for the entire operational life of the AIF.",extractive,Easy
REG_151,REG,SEBI,"SEBI (Alternative Investment Funds) Regulations, 2012","Regulation 6(4): The Board may, on being satisfied that the applicant complies with the provisions of regulation 4 except those of clause (c) or clause (d) thereof, as the case may be, grant an in-principle approval to the applicant: Provided that the applicant shall comply with clause (c) or clause (d) of regulation 4, as the case may be, within six months from the date of grant of in-principle approval and upon compliance with the same, the Board may grant a certificate of registration. (5) An Alternative Investment Fund that has been granted in-principle approval may accept commitments from investors but shall not accept any monies till it is granted registration under sub-regulation (2) of this regulation.","Under SEBI AIF Regulations 2012, what can an AIF that has received in-principle approval (but not yet full registration) do in terms of fundraising, and what is it prohibited from doing?","Under Regulation 6(5), an AIF that has been granted in-principle approval may accept commitments from investors. However, it shall not accept any monies (actual cash) until it is granted the full certificate of registration. The AIF must also comply with any remaining eligibility conditions (under Reg 4(c) or (d)) within six months from the date of in-principle approval to obtain full registration.",extractive,Medium
REG_152,REG,SEBI,"SEBI (Alternative Investment Funds) Regulations, 2012","Regulation 3(4): Alternative Investment Funds shall seek registration in one of the categories mentioned hereunder — (a) 'Category I AIF' which invests in start-up or early stage ventures or social ventures or SMEs or infrastructure or other sectors which the government or regulators consider as socially or economically desirable — includes venture capital funds, SME Funds, angel funds, social impact funds, infrastructure funds, special situation funds; (b) 'Category II AIF' which does not fall in Category I and III and which does not undertake leverage or borrowing other than as permitted in these regulations — includes private equity funds or debt funds; (c) 'Category III AIF' which employs diverse or complex trading strategies and may employ leverage including through investment in listed or unlisted derivatives — includes hedge funds.","What are the three categories of Alternative Investment Funds under SEBI (AIF) Regulations, 2012, and what is the key distinguishing characteristic of each?","Under Regulation 3(4): Category I AIFs invest in start-ups, early stage ventures, social ventures, SMEs, infrastructure, or sectors considered socially/economically desirable — includes venture capital funds, SME funds, angel funds, social impact funds, and infrastructure funds. Category II AIFs are those that do not fall in Category I or III and do not undertake leverage beyond what is permitted in these regulations — includes private equity funds and debt funds. Category III AIFs employ diverse or complex trading strategies and may employ leverage through listed or unlisted derivatives — includes hedge funds.",extractive,Medium
REG_153,REG,SEBI,"SEBI (Alternative Investment Funds) Regulations, 2012",Regulation 10(b): each scheme of the Alternative Investment Fund shall have corpus of at least twenty crore rupees: Provided that each scheme of the social impact fund shall have a corpus of at least five crore rupees.,"What is the minimum corpus requirement for each scheme of an Alternative Investment Fund under SEBI AIF Regulations, 2012? Does this requirement differ for social impact funds?","Under Regulation 10(b), each scheme of an AIF must have a corpus of at least Rs twenty crore. However, for social impact funds, each scheme must have a corpus of at least Rs five crore — a reduced threshold recognizing the social purpose of such funds.",extractive,Easy
REG_154,REG,SEBI,"SEBI (Alternative Investment Funds) Regulations, 2012","Regulation 10(c): the Alternative Investment Fund shall not accept from an investor, an investment of value less than one crore rupees: Provided that in case of investors who are employees or directors of the Alternative Investment Fund or employees or directors of the Manager, the minimum value of investment shall be twenty five lakh rupees: Provided further that this clause shall not apply to an accredited investor.","What is the minimum investment that an investor must make in an Alternative Investment Fund scheme under SEBI AIF Regulations, 2012? Are there any exceptions to this minimum?","Under Regulation 10(c), the minimum investment by any investor in an AIF scheme is Rs one crore. Two exceptions apply: (1) employees or directors of the AIF, or employees or directors of the Manager, have a reduced minimum of Rs twenty-five lakh; (2) the minimum investment requirement does not apply at all to accredited investors.",extractive,Medium
REG_155,REG,SEBI,"SEBI (Alternative Investment Funds) Regulations, 2012","Regulation 10(d): the Manager or Sponsor shall have a continuing interest in the Alternative Investment Fund of not less than two and half percent of the corpus or five crore rupees, whichever is lower, in the form of investment in the Alternative Investment Fund and such interest shall not be through the waiver of management fees: Provided that for Category III Alternative Investment Fund, the continuing interest shall be not less than five percent of the corpus or ten crore rupees, whichever is lower.","What continuing interest is the Manager or Sponsor of an Alternative Investment Fund required to maintain under SEBI AIF Regulations, 2012? Does the requirement differ between Category I/II and Category III funds?","Under Regulation 10(d), the Manager or Sponsor must maintain a continuing interest of not less than 2.5% of the corpus or Rs 5 crore, whichever is lower, in the form of investment in the AIF (not via waiver of management fees). For Category III AIFs, the threshold is higher: not less than 5% of the corpus or Rs 10 crore, whichever is lower.",extractive,Medium
REG_156,REG,SEBI,"SEBI (Alternative Investment Funds) Regulations, 2012",Regulation 10(f): no scheme of the Alternative Investment Fund shall have more than one thousand investors: Provided that accredited investors shall be excluded while computing the number of investors in a scheme of an Alternative Investment Fund.,"What is the maximum number of investors permitted in a single scheme of an Alternative Investment Fund under SEBI AIF Regulations, 2012? Are accredited investors counted toward this limit?","Under Regulation 10(f), no scheme of an AIF shall have more than one thousand investors. Accredited investors are explicitly excluded from the computation of this investor count — meaning the 1,000-investor cap applies only to non-accredited investors.",extractive,Easy
REG_157,REG,SEBI,"SEBI (Alternative Investment Funds) Regulations, 2012",Regulation 9(2): Any material alteration to the fund strategy shall be made with the consent of atleast two-thirds of unit holders by value of their investment in the Alternative Investment Fund.,"What level of investor consent is required to make a material alteration to an Alternative Investment Fund's strategy under SEBI AIF Regulations, 2012?","Under Regulation 9(2), any material alteration to the fund strategy requires the consent of at least two-thirds of unit holders by value of their investment in the Alternative Investment Fund.",extractive,Easy
REG_158,REG,SEBI,"SEBI (Alternative Investment Funds) Regulations, 2012",Regulation 12(2): Such placement memorandum shall be filed with the Board through a merchant banker atleast thirty days prior to launch of scheme along with the fees as specified in the Second Schedule: Provided that payment of scheme fees shall not apply in case of launch of first scheme by the Alternative Investment Fund.,"What are the requirements for filing a placement memorandum before launching a new scheme under SEBI AIF Regulations, 2012? Is there any fee exemption?","Under Regulation 12(2), a placement memorandum must be filed with the Board through a merchant banker at least thirty days prior to the launch of the scheme, along with the fees as specified in the Second Schedule. There is one fee exemption: the payment of scheme fees does not apply in case of the launch of the first scheme by an Alternative Investment Fund.",extractive,Medium
REG_159,REG,SEBI,"SEBI (Alternative Investment Funds) Regulations, 2012",Regulation 13(1): Category I Alternative Investment Fund and Category II Alternative Investment Fund shall be close ended and the tenure of fund or scheme shall be determined at the time of application subject to sub-regulation (2) of this regulation. (2) Category I and II Alternative Investment Fund or schemes launched by such funds shall have a minimum tenure of three years. (3) Schemes of Category III Alternative Investment Fund may be open ended or close ended.,"What are the structural and tenure requirements applicable to Category I and II Alternative Investment Funds, and how do they differ from Category III AIFs?","Under Regulations 13(1) and (2), Category I and II AIFs must be close-ended and the tenure of the fund or scheme must be determined at the time of application; such funds or their schemes must have a minimum tenure of three years. Under Regulation 13(3), schemes of Category III AIFs have no such restriction — they may be open-ended or close-ended.",extractive,Medium
REG_160,REG,SEBI,"SEBI (Alternative Investment Funds) Regulations, 2012",Regulation 13(5): Extension of the tenure of the close ended Alternative Investment Fund may be permitted up to two years subject to approval of two-thirds of the unit holders by value of their investment in the Alternative Investment Fund: Provided that an Accredited Investors only fund may be permitted to extend its tenure up to five years subject to the approval of two-thirds of the unit holders by value of their investment in the Accredited Investors only fund.,"Under SEBI AIF Regulations, 2012, by how many years can the tenure of a close-ended AIF be extended, and what investor approval is required? Is there a special provision for Accredited Investors only funds?","Under Regulation 13(5), the tenure of a close-ended AIF may be extended by up to two years, subject to the approval of two-thirds of unit holders by value of their investment. For Accredited Investors only funds, there is a special provision — their tenure may be extended by up to five years (instead of two), subject to the same approval threshold of two-thirds of unit holders by value.",extractive,Medium
REG_161,REG,SEBI,"SEBI (Alternative Investment Funds) Regulations, 2012",Regulation 14(1): Units of close ended Alternative Investment Fund may be listed on stock exchange subject to a minimum tradable lot of one crore rupees. (2) Listing of Alternative Investment Fund units shall be permitted only after final close of the fund or scheme.,"What are the conditions under which the units of a close-ended AIF may be listed on a stock exchange under SEBI AIF Regulations, 2012?","Under Regulation 14, units of a close-ended AIF may be listed on a stock exchange subject to two conditions: (1) the minimum tradable lot must be Rs one crore; and (2) listing is permitted only after the final close of the fund or scheme. Listing is not permitted prior to the final close.",extractive,Easy
REG_162,REG,SEBI,"SEBI (Alternative Investment Funds) Regulations, 2012",Regulation 15(1)(c): Category I and II of Alternative Investment Funds shall invest not more than twenty five per cent of the investable funds in an Investee Company directly or through investment in the units of other Alternative Investment Funds: Provided that large value funds for accredited investors of Category I and II may invest up to fifty percent of the investable funds in an investee company directly or through investment in the units of other Alternative Investment Funds.,"What is the single-investee concentration limit for Category I and II Alternative Investment Funds under SEBI AIF Regulations, 2012? Does this limit differ for large value funds for accredited investors?","Under Regulation 15(1)(c), Category I and II AIFs may invest not more than 25% of their investable funds in any single investee company (directly or through other AIF units). Large value funds for accredited investors in Category I and II may invest up to 50% of investable funds in a single investee company.",extractive,Medium
REG_163,REG,SEBI,"SEBI (Alternative Investment Funds) Regulations, 2012","Regulation 15(1)(d): Category III Alternative Investment Funds shall invest not more than ten per cent of the investable funds in an Investee Company, directly or through investment in units of other Alternative Investment Funds and the large value funds for accredited investors of Category III Alternative Investment Funds may invest up to twenty per cent of the investable funds in an Investee Company, directly or through investment in units of other Alternative Investment Funds.","What is the single-investee concentration limit for Category III Alternative Investment Funds under SEBI AIF Regulations, 2012?","Under Regulation 15(1)(d), Category III AIFs may invest not more than 10% of their investable funds in any single investee company (directly or through other AIF units). Large value funds for accredited investors in Category III may invest up to 20% of investable funds in a single investee company.",extractive,Medium
REG_164,REG,SEBI,"SEBI (Alternative Investment Funds) Regulations, 2012","Regulation 15(1)(e): Alternative Investment Fund shall not invest except with the approval of seventy five percent of investors by value of their investment in the Alternative Investment Fund in — (a) associates; or (b) units of Alternative Investment Funds managed or sponsored by its Manager, Sponsor or associates of its Manager or Sponsor.","Under SEBI AIF Regulations, 2012, what investor approval is required before an AIF can invest in its associate companies or in units of other AIFs managed by the same manager or sponsor?","Under Regulation 15(1)(e), an AIF requires the approval of 75% of investors by value of their investment before investing in: (a) its associates, or (b) units of AIFs managed or sponsored by its Manager, Sponsor, or their associates.",extractive,Medium
REG_165,REG,SEBI,"SEBI (Alternative Investment Funds) Regulations, 2012","Regulation 16(1)(c): Category I Alternative Investment Funds shall not borrow funds directly or indirectly or engage in any leverage for the purpose of making investments or otherwise, except for borrowing funds to meet temporary funding requirements and day-to-day operational requirements for not more than thirty days, on not more than four occasions in a year and not more than ten percent of the investable funds.","Under what conditions may a Category I Alternative Investment Fund borrow funds under SEBI AIF Regulations, 2012? What are the specific restrictions on such borrowing?","Under Regulation 16(1)(c), Category I AIFs shall not borrow funds or engage in leverage for investment purposes. The only permitted borrowing is for temporary funding requirements and day-to-day operational requirements, subject to three cumulative conditions: (1) borrowing shall not be for more than thirty days at a time; (2) borrowing shall not occur on more than four occasions in a year; and (3) borrowing shall not exceed ten percent of the investable funds.",extractive,Hard
REG_166,REG,SEBI,"SEBI (Alternative Investment Funds) Regulations, 2012",Regulation 16(2)(a): at least seventy-five percent of the investable funds shall be invested in unlisted equity shares or equity linked instruments of a venture capital undertaking or in companies listed or proposed to be listed on a SME exchange or SME segment of an exchange: Provided that the investment conditions specified in clause (a) shall be achieved by the fund by the end of its life cycle.,"What minimum percentage of investable funds must a venture capital fund (which is a sub-category of Category I AIF) invest in qualifying instruments under SEBI AIF Regulations, 2012?","Under Regulation 16(2)(a), at least 75% of the investable funds of a venture capital fund must be invested in unlisted equity shares or equity-linked instruments of a venture capital undertaking, or in companies listed or proposed to be listed on an SME exchange or SME segment of an exchange. This 75% threshold must be achieved by the fund by the end of its life cycle.",extractive,Medium
NUM_115,NUM,SEBI,"SEBI (Alternative Investment Funds) Regulations, 2012","Regulation 10(d): the Manager or Sponsor shall have a continuing interest in the Alternative Investment Fund of not less than two and half percent of the corpus or five crore rupees, whichever is lower, in the form of investment in the Alternative Investment Fund.","A Category I AIF has a total corpus of Rs 300 crore. What is the minimum continuing interest the Manager or Sponsor must maintain in this fund under SEBI AIF Regulations, 2012?","The continuing interest requirement is the lower of: (a) 2.5% of corpus = 2.5% × Rs 300 crore = Rs 7.5 crore, or (b) Rs 5 crore. Since Rs 5 crore < Rs 7.5 crore, the minimum continuing interest is Rs 5 crore. The Manager/Sponsor must maintain at least Rs 5 crore of investment in the fund.",calculated,Medium
NUM_116,NUM,SEBI,"SEBI (Alternative Investment Funds) Regulations, 2012","Regulation 10(d): Provided that for Category III Alternative Investment Fund, the continuing interest shall be not less than five percent of the corpus or ten crore rupees, whichever is lower.",A Category III AIF (hedge fund) has a corpus of Rs 150 crore. What is the minimum continuing interest the Manager or Sponsor is required to maintain in this fund?,"For Category III AIFs, the continuing interest must be the lower of: (a) 5% of corpus = 5% × Rs 150 crore = Rs 7.5 crore, or (b) Rs 10 crore. Since Rs 7.5 crore < Rs 10 crore, the minimum continuing interest is Rs 7.5 crore.",calculated,Medium
NUM_117,NUM,SEBI,"SEBI (Alternative Investment Funds) Regulations, 2012",Regulation 10(b): each scheme of the Alternative Investment Fund shall have corpus of at least twenty crore rupees: Provided that each scheme of the social impact fund shall have a corpus of at least five crore rupees.,"An AIF Manager is planning to launch three schemes: Scheme A (private equity fund), Scheme B (social impact fund), and Scheme C (infrastructure fund). What is the minimum total corpus that must be raised across all three schemes to comply with SEBI AIF Regulations, 2012?","Scheme A (private equity, Category II): minimum Rs 20 crore. Scheme B (social impact fund, Category I): minimum Rs 5 crore. Scheme C (infrastructure fund, Category I): minimum Rs 20 crore. Total minimum corpus = Rs 20 crore + Rs 5 crore + Rs 20 crore = Rs 45 crore.",calculated,Medium
NUM_118,NUM,SEBI,"SEBI (Alternative Investment Funds) Regulations, 2012","Regulation 10(c): the Alternative Investment Fund shall not accept from an investor, an investment of value less than one crore rupees: Provided that in case of investors who are employees or directors of the Alternative Investment Fund or employees or directors of the Manager, the minimum value of investment shall be twenty five lakh rupees.","A Category II AIF has 4 investors: an external institutional investor, a director of the Manager, an employee of the AIF, and an accredited investor. Their proposed investments are Rs 75 lakh, Rs 20 lakh, Rs 30 lakh, and Rs 50 lakh respectively. Which investments, if any, fail to meet the minimum investment requirements under SEBI AIF Regulations, 2012?","External institutional investor (Rs 75 lakh): fails the minimum of Rs 1 crore. Director of the Manager (Rs 20 lakh): fails the reduced minimum of Rs 25 lakh applicable to manager's directors. Employee of AIF (Rs 30 lakh): meets the Rs 25 lakh minimum for AIF employees. Accredited investor (Rs 50 lakh): no minimum applies — Regulation 10(c) does not apply to accredited investors. Therefore, two investments fail: the external institutional investor (Rs 75 lakh < Rs 1 crore) and the director of the Manager (Rs 20 lakh < Rs 25 lakh).",calculated,Hard
NUM_119,NUM,SEBI,"SEBI (Alternative Investment Funds) Regulations, 2012",Regulation 12(2): Such placement memorandum shall be filed with the Board through a merchant banker atleast thirty days prior to launch of scheme along with the fees as specified in the Second Schedule.,"An AIF Manager plans to launch a new scheme on October 15, 2025. By what date must the placement memorandum be filed with SEBI under SEBI AIF Regulations, 2012?","The placement memorandum must be filed at least 30 days prior to the launch. Launch date: October 15, 2025. Subtracting 30 days: October 15 − 30 days = September 15, 2025. The placement memorandum must be filed by September 15, 2025 at the latest.",calculated,Easy
NUM_120,NUM,SEBI,"SEBI (Alternative Investment Funds) Regulations, 2012","Regulation 2(1)(ab): 'accredited investor' means any person who is granted a certificate of accreditation by an accreditation agency who — (ii) in case of a body corporate, has net worth of at least fifty crore rupees.","A body corporate has a net worth of Rs 45 crore. Can it qualify as an accredited investor under SEBI AIF Regulations, 2012? By how much does it fall short of the accredited investor threshold?","No. Under Regulation 2(1)(ab)(ii), a body corporate must have a net worth of at least Rs 50 crore to qualify as an accredited investor. With a net worth of Rs 45 crore, the body corporate falls short by Rs 5 crore (Rs 50 crore − Rs 45 crore = Rs 5 crore). It does not qualify as an accredited investor.",calculated,Easy
NUM_121,NUM,SEBI,"SEBI (Alternative Investment Funds) Regulations, 2012",Regulation 15(1)(c): Category I and II of Alternative Investment Funds shall invest not more than twenty five per cent of the investable funds in an Investee Company directly or through investment in the units of other Alternative Investment Funds.,A Category II AIF has investable funds of Rs 400 crore. The Manager wants to invest Rs 120 crore in Company X. Is this investment permissible? What is the maximum amount that can be invested in Company X?,Maximum permitted investment in any single investee company = 25% of investable funds = 25% × Rs 400 crore = Rs 100 crore. The proposed investment of Rs 120 crore exceeds the limit by Rs 20 crore. The investment is not permissible as proposed. The maximum permissible investment in Company X is Rs 100 crore.,calculated,Medium
NUM_122,NUM,SEBI,"SEBI (Alternative Investment Funds) Regulations, 2012",Regulation 13(2): Category I and II Alternative Investment Fund or schemes launched by such funds shall have a minimum tenure of three years. Regulation 13(5): Extension of the tenure of the close ended Alternative Investment Fund may be permitted up to two years subject to approval of two-thirds of the unit holders by value of their investment in the Alternative Investment Fund: Provided that an Accredited Investors only fund may be permitted to extend its tenure up to five years.,A Category II AIF was registered with a scheme tenure of 5 years. The tenure has now expired and unit holders are considering an extension. (a) What is the maximum total tenure (including extension) for a regular Category II AIF? (b) What would it be if the fund were an Accredited Investors only fund?,(a) Regular Category II AIF: Original tenure = 5 years + maximum extension = 2 years (subject to 2/3 unit holder approval). Maximum total tenure = 7 years. (b) Accredited Investors only fund: Original tenure = 5 years + maximum extension = 5 years (subject to 2/3 unit holder approval). Maximum total tenure = 10 years. Note: the minimum tenure of 3 years (Reg 13(2)) is only a floor; the actual tenure is as determined at registration.,calculated,Hard
CON_060,CON,SEBI,,,Do the original and the 2021-amended versions of Regulation 16(2)(a) impose the same minimum investment requirement on venture capital funds in qualifying instruments?,No,yes_no,Medium
CON_061,CON,SEBI,,,Do the pre-2024 and post-2024 versions of Regulation 16(1)(c) permit the same scope of borrowing by Category I AIFs?,No,yes_no,Medium
CON_062,CON,SEBI,,,Does the original definition of 'large value fund for accredited investors' and the November 2025-amended definition impose the same minimum investment threshold per investor?,No,yes_no,Medium
CON_063,CON,SEBI,,,Do the original and 2021-amended versions of Regulation 15(1)(e) cover the same categories of investments requiring 75% investor approval?,No,yes_no,Hard
CON_064,CON,SEBI,,,Do these two versions of Regulation 13(5) prescribe the same maximum tenure extension period for all close-ended AIFs?,No,yes_no,Medium
CON_065,CON,SEBI,,,Do the original and 2020-amended versions of Regulation 4(g) impose the same eligibility requirements on the key investment team of an AIF Manager?,No,yes_no,Hard
TMP_065,TMP,SEBI,"SEBI (Alternative Investment Funds) Regulations, 2012","Regulation 16(2)(a) (original): at least two-thirds of the investable funds shall be invested in unlisted equity shares or equity linked instruments of a venture capital undertaking or in companies listed or proposed to be listed on a SME exchange. [Substituted w.e.f. 13-08-2021 by SEBI (AIF) (Fourth Amendment) Regulations, 2018]: at least seventy-five percent of the investable funds shall be invested in such instruments.","When was the minimum investment threshold for venture capital funds (in qualifying venture capital/SME instruments) raised from two-thirds to seventy-five percent of investable funds under SEBI AIF Regulations, 2012?","The minimum investment threshold for venture capital funds was raised from two-thirds (approximately 66.67%) to seventy-five percent of investable funds by the SEBI (Alternative Investment Funds) (Fourth Amendment) Regulations, 2018, which came into effect on 13 August 2021. Prior to this amendment, the threshold was at least two-thirds of investable funds.",extractive,Easy
TMP_066,TMP,SEBI,"SEBI (Alternative Investment Funds) Regulations, 2012","Regulation 2(1)(pa) (inserted by SEBI (AIF) (Third Amendment) Regulations, 2021, w.e.f. 03-08-2021): 'large value fund for accredited investors' means an Alternative Investment Fund or scheme in which each investor is an accredited investor and invests not less than seventy crore rupees. [Renamed to 'Accredited Investors only fund' and updated by SEBI (AIF) (Third Amendment) Regulations, 2025, w.e.f. 19-11-2025.]","When was the concept of 'large value fund for accredited investors' first introduced under SEBI AIF Regulations, 2012, and what was the original minimum investment threshold?","The concept of 'large value fund for accredited investors' was first introduced by the Securities and Exchange Board of India (Alternative Investment Funds) (Third Amendment) Regulations, 2021, with effect from 3 August 2021. The original minimum investment per qualifying investor was not less than Rs seventy crore. This threshold was later reduced to Rs twenty-five crore by the SEBI (AIF) (Third Amendment) Regulations, 2025, w.e.f. 19-11-2025.",extractive,Medium
TMP_067,TMP,SEBI,"SEBI (Alternative Investment Funds) Regulations, 2012","Regulation 15(1)(e) (pre-2021): AIF shall not invest in associates except with approval of 75% of investors. [Substituted w.e.f. 05-05-2021 by SEBI (AIF) (Second Amendment) Regulations, 2021]: AIF shall not invest except with approval of 75% of investors in — (a) associates; or (b) units of AIFs managed or sponsored by its Manager, Sponsor or associates of its Manager or Sponsor.","What change did the SEBI (AIF) (Second Amendment) Regulations, 2021 make to the scope of related-party investment restrictions under Regulation 15(1)(e)?","The SEBI (Alternative Investment Funds) (Second Amendment) Regulations, 2021 (w.e.f. 05-05-2021) expanded the scope of Regulation 15(1)(e). Before the amendment, the 75% investor approval requirement applied only to investments in associates. The 2021 amendment added a second category: the approval requirement was extended to also cover investments in units of Alternative Investment Funds managed or sponsored by the Manager, Sponsor, or their associates — a category of related-party investment not previously subject to the 75% consent requirement.",extractive,Medium
TMP_068,TMP,SEBI,"SEBI (Alternative Investment Funds) Regulations, 2012","Regulation 4(g) (original, pre-2020): the key investment team of the Manager of AIF has adequate experience, with at least one key personnel having not less than five years experience in advising or managing pools of capital or in fund or asset or wealth or portfolio management or in the business of buying, selling and dealing of securities or other financial assets and has relevant professional qualification. [Substituted by SEBI (AIF) (Amendment) Regulations, 2020, w.e.f. 19-10-2020]: team has at least one key personnel with relevant NISM certification AND at least one with professional qualification in finance or CFA Charter.","How did the SEBI (AIF) (Amendment) Regulations, 2020 change the eligibility requirements for the key investment team of an AIF Manager, and what was the significance of this change?","The SEBI (Alternative Investment Funds) (Amendment) Regulations, 2020 (w.e.f. 19-10-2020) substituted Regulation 4(g) to replace the experience-based standard with a certification-based standard. The original requirement was for at least one key personnel to have not less than five years of experience in managing pools of capital or securities plus a relevant professional qualification. The 2020 amendment replaced this with two separate requirements: (i) at least one key personnel must hold a relevant SEBI-specified certification (not a minimum years-of-experience requirement), and (ii) at least one key personnel must hold a finance-related professional qualification or CFA Charter. The same person may fulfill both requirements. The key significance is the shift from experience as the primary criterion to certification as the primary requirement.",extractive,Hard
TMP_069,TMP,SEBI,"SEBI (Alternative Investment Funds) Regulations, 2012","Regulation 2(1)(ga) (inserted by SEBI (AIF) (Second Amendment) Regulations, 2023, w.e.f. 15-06-2023): 'Corporate Debt Market Development Fund' means an Alternative Investment Fund set up and making investments in terms of Chapter III-C of these regulations.","When was the Corporate Debt Market Development Fund (CDMDF) category introduced under SEBI AIF Regulations, 2012?","The Corporate Debt Market Development Fund was introduced by the Securities and Exchange Board of India (Alternative Investment Funds) (Second Amendment) Regulations, 2023, with effect from 15 June 2023. The CDMDF is defined as an Alternative Investment Fund set up and making investments in accordance with Chapter III-C of the AIF Regulations.",extractive,Easy
TMP_070,TMP,SEBI,"SEBI (Alternative Investment Funds) Regulations, 2012","Regulation 3(4)(a) previously included 'social venture funds' as a sub-category of Category I AIF. [The term 'social venture funds' was substituted by 'social impact funds' by the SEBI (AIF) (Third Amendment) Regulations, 2022, w.e.f. 25-07-2022.] The Explanation to Regulation 16(4) was simultaneously updated from 'social venture funds' to 'social impact funds'.","What was the name of the social-purpose AIF sub-category under Category I before it was renamed in 2022, and what was the new name?","Before 25 July 2022, the sub-category was called 'social venture funds' — a term under Regulation 3(4)(a) for Category I AIFs investing primarily in securities or units of social ventures. The SEBI (Alternative Investment Funds) (Third Amendment) Regulations, 2022 (w.e.f. 25-07-2022) renamed this sub-category to 'social impact funds.' Simultaneously, the definition of 'social venture fund' at Regulation 2(1)(v) was omitted and replaced with new definitions of 'social enterprise,' 'social impact fund,' 'social stock exchange,' and 'social units.'",extractive,Medium
TMP_071,TMP,SEBI,"SEBI (Alternative Investment Funds) Regulations, 2012","Regulation 10(f) (as amended by SEBI (AIF) (Third Amendment) Regulations, 2025, w.e.f. 19-11-2025): no scheme of the Alternative Investment Fund shall have more than one thousand investors: Provided that accredited investors shall be excluded while computing the number of investors in a scheme of an Alternative Investment Fund. [Prior to this amendment, all investors including accredited investors were counted toward the 1,000 cap.]","What change did the SEBI (AIF) (Third Amendment) Regulations, 2025 make to how the 1,000-investor cap is calculated for an AIF scheme?","The SEBI (Alternative Investment Funds) (Third Amendment) Regulations, 2025 (w.e.f. 19-11-2025) amended Regulation 10(f) to exclude accredited investors from the computation of the 1,000-investor cap. Prior to this amendment, all investors (including accredited investors) were counted toward the 1,000-investor limit. After the 2025 amendment, accredited investors are not counted — only non-accredited investors are subject to the 1,000-investor ceiling. This effectively allows AIF schemes to have more than 1,000 total investors provided the excess consists of accredited investors.",extractive,Medium
TMP_072,TMP,SEBI,"SEBI (Alternative Investment Funds) Regulations, 2012","Regulation 15(1)(i) (inserted by SEBI (AIF) (Amendment) Regulations, 2024, w.e.f. 05-01-2024): Alternative Investment Funds shall hold their investments in dematerialised form, subject to such conditions as may be specified by the Board from time to time: Provided that the requirement shall not apply to: (a) investments not eligible for dematerialisation, (b) investments held by a liquidation scheme that are not available in dematerialised form, and (c) such other investments as may be specified by the Board from time to time.","When was the requirement for AIFs to hold investments in dematerialised form introduced under SEBI AIF Regulations, 2012, and what exceptions apply?","The requirement for AIFs to hold investments in dematerialised form was introduced by the Securities and Exchange Board of India (Alternative Investment Funds) (Amendment) Regulations, 2024, with effect from 5 January 2024 (Regulation 15(1)(i)). Three exceptions apply: (a) investments in instruments that are not eligible for dematerialisation; (b) investments held by a liquidation scheme that are not available in dematerialised form; and (c) such other investments and schemes as may be specified by the Board from time to time.",extractive,Medium
REG_167,REG,SEBI,"SEBI (Credit Rating Agencies) Regulations, 1999","Regulation 4: The Board shall not consider an application under regulation 3 unless the applicant is promoted by a person belonging to any of the following categories: (a) a public financial institution; (b) a scheduled commercial bank included in the second schedule to the RBI Act, 1934; (c) a foreign bank operating in India with the approval of the Reserve Bank of India; (d) a foreign credit rating agency incorporated in a Financial Action Task Force (FATF) member jurisdiction and recognised under their law, having a minimum of five years' experience in rating securities; (e) any company or body corporate having continuous net worth of minimum rupees one hundred crores as per audited annual accounts for the previous five years.","Who are the eligible categories of promoters for a credit rating agency under SEBI (CRA) Regulations, 1999?","Under Regulation 4, a credit rating agency must be promoted by one of the following: (a) a public financial institution; (b) a scheduled commercial bank in the RBI's second schedule; (c) a foreign bank operating in India with RBI approval; (d) a foreign CRA incorporated in a FATF member jurisdiction, recognised under their law, with at least five years' experience in rating securities; or (e) any company or body corporate with a continuous net worth of at least Rs 100 crore per audited accounts for the previous five years.",extractive,Medium
REG_168,REG,SEBI,"SEBI (Credit Rating Agencies) Regulations, 1999","Regulation 5(a)–(c): The Board shall not consider an application unless — (a) the applicant is set up and registered as a company under the Companies Act, 2013; (b) the applicant has, in its Memorandum of Association, specified rating activity as one of its main objects; (c) the applicant has a minimum net worth of rupees twenty five crore.","What are the minimum eligibility criteria relating to corporate form, business objects, and net worth for a credit rating agency applicant under SEBI (CRA) Regulations, 1999?","Under Regulation 5, a CRA applicant must satisfy three minimum requirements: (a) it must be set up and registered as a company under the Companies Act, 2013; (b) its Memorandum of Association must specify rating activity as one of its main objects; and (c) it must have a minimum net worth of Rs twenty-five crore.",extractive,Easy
REG_169,REG,SEBI,"SEBI (Credit Rating Agencies) Regulations, 1999",Regulation 8(2): The certificate of registration granted under sub-regulation (1) shall be valid unless it is suspended or cancelled by the Board.,"How long is a certificate of registration granted to a credit rating agency under SEBI (CRA) Regulations, 1999 valid?","Under Regulation 8(2), the certificate of registration is valid unless it is suspended or cancelled by the Board — it has no fixed expiry date.",extractive,Easy
REG_170,REG,SEBI,"SEBI (Credit Rating Agencies) Regulations, 1999","Regulation 9(d): the credit rating agency shall at all times maintain a minimum net worth of rupees twenty five crore. Provided that a credit rating agency already registered with the Board having a net worth less than rupees twenty five crores, shall increase its net worth to the specified amount within a period of three years from the date of notification of the SEBI (CRA) (Amendment) Regulations, 2018.","What ongoing net worth requirement must a credit rating agency maintain at all times under SEBI (CRA) Regulations, 1999? What transitional relief was provided for existing CRAs?","Under Regulation 9(d), a credit rating agency must at all times maintain a minimum net worth of Rs twenty-five crore. Existing CRAs that were already registered and had a net worth below Rs twenty-five crore at the time of the 2018 amendment were given transitional relief — they must increase their net worth to the Rs 25 crore minimum within three years from the date of notification of the SEBI (CRA) (Amendment) Regulations, 2018.",extractive,Medium
REG_171,REG,SEBI,"SEBI (Credit Rating Agencies) Regulations, 1999","Regulation 9(e): the promoter of the credit rating agency, in terms of regulation 4, shall maintain a minimum shareholding of 26% in the credit rating agency for a minimum period of three years from the date of grant of registration by the Board.","What shareholding requirement must the promoter of a credit rating agency maintain under SEBI (CRA) Regulations, 1999, and for how long?","Under Regulation 9(e), the promoter of a credit rating agency must maintain a minimum shareholding of 26% in the credit rating agency for a minimum period of three years from the date of grant of registration by the Board.",extractive,Easy
REG_172,REG,SEBI,"SEBI (Credit Rating Agencies) Regulations, 1999",Regulation 9(f): a credit rating agency shall not carry out any activity other than the rating of securities that are listed or proposed to be listed on a stock exchange recognized by the Board. Nothing contained in these regulations shall preclude a credit rating agency from carrying out any other activity as may be specified by the Board or carrying out rating of financial instruments under the purview of any other financial sector regulator or authority as may be specified by the Board.,"What restrictions apply to the activities a credit rating agency may undertake under SEBI (CRA) Regulations, 1999?","Under Regulation 9(f), a CRA shall not carry out any activity other than the rating of securities that are listed or proposed to be listed on a stock exchange recognized by SEBI. Two exceptions apply: (1) the CRA may carry out any other activity as may be specified by the Board; and (2) the CRA may carry out rating of financial instruments under the purview of any other financial sector regulator or authority as specified by the Board.",extractive,Medium
REG_173,REG,SEBI,"SEBI (Credit Rating Agencies) Regulations, 1999","Regulation 14: Every credit rating agency shall enter into a written agreement with each client whose securities it proposes to rate, and every such agreement shall include — (a) the rights and liabilities of each party; (b) the fee to be charged; (c) the client shall co-operate for periodic review; (d) the client shall provide true, adequate and timely information; (e) the CRA shall disclose the rating assigned to the client's securities irrespective of whether the rating is accepted by the client; (f) the client shall disclose all ratings assigned in the last three years and any unaccepted rating.","What must a written agreement between a credit rating agency and its client contain under SEBI (CRA) Regulations, 1999?","Under Regulation 14, the written agreement must include: (a) the rights and liabilities of each party; (b) the fee to be charged; (c) an obligation on the client to co-operate for periodic review of the rating during the tenure of the rated instrument; (d) an obligation on the client to provide true, adequate, and timely information; (e) an obligation on the CRA to disclose the rating assigned to the client's securities through regular methods of dissemination, even if the rating is not accepted by the client; and (f) an obligation on the client to disclose in the offer document all ratings assigned in the last three years and any ratings by other CRAs not accepted by the client.",extractive,Medium
REG_174,REG,SEBI,"SEBI (Credit Rating Agencies) Regulations, 1999","Regulation 15(2): Every credit rating agency shall disseminate information regarding newly assigned ratings, and changes in earlier rating promptly through press releases and websites, and, in the case of securities issued by listed companies, such information shall also be provided simultaneously to the concerned regional stock exchange and to all the stock exchanges where the said securities are listed.","How must a credit rating agency disseminate information about newly assigned ratings and rating changes under SEBI (CRA) Regulations, 1999? What additional step is required for listed company securities?","Under Regulation 15(2), a CRA must promptly disseminate information about newly assigned ratings and changes in earlier ratings through press releases and websites. For securities issued by listed companies, the information must additionally be provided simultaneously to the concerned regional stock exchange and to all stock exchanges where the securities are listed.",extractive,Medium
REG_175,REG,SEBI,"SEBI (Credit Rating Agencies) Regulations, 1999","Regulation 16(2): If the client does not co-operate with the credit rating agency so as to enable the credit rating agency to comply with its obligations under regulation 15, the credit rating agency shall carry out the review on the basis of the best available information or in the manner as specified by the Board from time to time. Provided that if owing to such lack of co-operation, a rating has been based on the best available information, the credit rating agency shall disclose to the investors the fact that the rating is so based. (3) A credit rating agency shall not withdraw a rating so long as the obligations under the security rated by it are outstanding, except where the company whose security is rated is wound up or merged or amalgamated with another company.","What must a credit rating agency do if a client fails to cooperate during the rating review process under SEBI (CRA) Regulations, 1999? Can a CRA withdraw a rating while the security's obligations are outstanding?","Under Regulation 16(2), if a client fails to cooperate, the CRA must still carry out the review on the basis of best available information (or as specified by the Board), and must disclose to investors that the rating is based on best available information due to lack of client cooperation. Under Regulation 16(3), a CRA may not withdraw a rating so long as the obligations under the rated security are outstanding — withdrawal is only permitted if the rated company is wound up, or merged/amalgamated with another company (or as otherwise specified by the Board).",extractive,Hard
REG_176,REG,SEBI,"SEBI (Credit Rating Agencies) Regulations, 1999","Regulation 18: (1) Every credit rating agency — (a) shall make public the definitions of the concerned rating, along with the symbol and, (b) shall also state that the ratings do not constitute recommendations to buy, hold or sell any securities. (2) Every credit rating agency shall make available to the general public information relating to the rationale of the ratings, which shall cover an analysis of the various factors justifying a favourable assessment, as well as factors constituting a risk.","What disclosure obligations about rating definitions and rationale must a credit rating agency comply with under SEBI (CRA) Regulations, 1999?","Under Regulation 18, a CRA must: (1) make public the definitions of the concerned rating with the symbol, and must state that ratings do not constitute recommendations to buy, hold, or sell any securities; and (2) make available to the general public information on the rationale of its ratings, which must cover both factors justifying a favourable assessment and factors constituting a risk.",extractive,Easy
REG_177,REG,SEBI,"SEBI (Credit Rating Agencies) Regulations, 1999","Regulation 21(1): Every credit rating agency shall keep and maintain, for a minimum period of five years, the following books of accounts, records and documents: (a) copy of its balance sheet; (b) a copy of its profit and loss account; (c) a copy of the auditor's report; (d) a copy of the agreement entered into with each client; (e) information supplied by each client; (f) correspondence with each client; (g) ratings assigned, including upgradation and downgradation; (h) rating notes considered by the rating committee; (i) record of decisions of the rating committee; (j) letter assigning rating; (k) particulars of fees charged.","For how long and what types of records must a credit rating agency maintain under SEBI (CRA) Regulations, 1999?","Under Regulation 21(1), a CRA must maintain all records for a minimum period of five years. The required records include: balance sheets, profit and loss accounts, auditor's reports, client agreements, information and correspondence from clients, ratings assigned (including upgrades and downgrades), rating notes and committee decisions, rating assignment letters, and fee particulars.",extractive,Medium
REG_178,REG,SEBI,"SEBI (Credit Rating Agencies) Regulations, 1999","Regulation 22: Every credit rating agency shall, within two month's from the date of the auditor's report, take steps to rectify the deficiencies if any, made out in the auditor's report, insofar as they relate to the activity of rating of securities.","Within what time period must a credit rating agency rectify deficiencies identified in the auditor's report under SEBI (CRA) Regulations, 1999?","Under Regulation 22, a credit rating agency must take steps to rectify any deficiencies identified in the auditor's report (insofar as they relate to the rating of securities activity) within two months from the date of the auditor's report.",extractive,Easy
REG_179,REG,SEBI,"SEBI (Credit Rating Agencies) Regulations, 1999","Regulation 24(4): All rating decisions, including the decisions regarding changes in rating, shall be taken by the rating committee. (8) A credit rating agency shall not rate securities issued by it.","Who has the authority to take rating decisions (including rating changes) under SEBI (CRA) Regulations, 1999? Can a CRA rate its own securities?","Under Regulation 24(4), all rating decisions — including decisions on changes in rating — must be taken by the rating committee. Individual analysts or management cannot unilaterally assign or change ratings. Under Regulation 24(8), a CRA is explicitly prohibited from rating securities issued by itself.",extractive,Easy
REG_180,REG,SEBI,"SEBI (Credit Rating Agencies) Regulations, 1999","Regulation 24A(1): A credit rating agency shall not: (a) directly or indirectly, hold 10 per cent or more shareholding and/or voting rights in any other credit rating agency, or (b) have representation on the Board of any other credit rating agency. (2) A shareholder holding 10 per cent or more shares and/or voting rights in a credit rating agency shall not hold 10 per cent or more shares and/or voting rights, directly or indirectly, in any other credit rating agency. Provided that the said restriction shall not apply to holdings by Pension Funds, Insurance Schemes and Mutual Fund Schemes.","What shareholding restrictions apply between credit rating agencies under SEBI (CRA) Regulations, 1999? Are there any exemptions?","Under Regulation 24A, a CRA may not directly or indirectly hold 10% or more shareholding or voting rights in any other CRA, and may not have board representation in any other CRA. Additionally, any shareholder holding 10% or more in one CRA may not hold 10% or more (directly or indirectly) in any other CRA. There is an exemption: these cross-shareholding restrictions do not apply to holdings by Pension Funds, Insurance Schemes, and Mutual Fund Schemes.",extractive,Hard
REG_181,REG,SEBI,"SEBI (Credit Rating Agencies) Regulations, 1999","Regulation 26(1): No credit rating agency shall rate a security issued by its promoter. (2) In case promoter is a lending institution, its Chairman, director or employee shall not be a Chairman, director or employee of credit rating agency or its rating committee.","Under SEBI (CRA) Regulations, 1999, can a credit rating agency rate the securities of its own promoter? What additional restriction applies when the promoter is a lending institution?","No. Under Regulation 26(1), a CRA is prohibited from rating any security issued by its promoter. Under Regulation 26(2), if the promoter is a lending institution, there is an additional structural restriction — no Chairman, director, or employee of the lending institution-promoter may simultaneously be a Chairman, director, or employee of the credit rating agency or its rating committee.",extractive,Medium
REG_182,REG,SEBI,"SEBI (Credit Rating Agencies) Regulations, 1999","Regulation 27(1): No credit rating agency shall rate a security issued by an entity which is — (a) a borrower of its promoter; or (b) a subsidiary of its promoter; or (c) an associate of its promoter, if there are common Chairman, Directors between credit rating agency and these entities, or common employees, or common Chairman, Directors, Employees on the rating committee. (2) No credit rating agency shall rate a security issued by its associate or subsidiary, if the credit rating agency or its rating committee has a Chairman, director or employee who is also a Chairman, director or employee of any such entity.","What conflict-of-interest restrictions apply to the rating of securities of promoter-connected entities under SEBI (CRA) Regulations, 1999?","Under Regulation 27(1), a CRA shall not rate securities of: (a) a borrower of its promoter; (b) a subsidiary of its promoter; or (c) an associate of its promoter — if there are common Chairmen, directors, or employees between the CRA and such entities, or common persons on the rating committee. Under Regulation 27(2), a CRA shall also not rate securities of its own associate or subsidiary if the CRA or its rating committee shares a Chairman, director, or employee with such entities.",extractive,Hard
REG_183,REG,SEBI,"SEBI (Credit Rating Agencies) Regulations, 1999","Regulation 28C: On and from the date of this regulation coming into force, no person shall act as an ESG rating provider unless it has obtained a certificate from the Board: Provided that a person acting as an ESG Rating Provider on the date of this regulation coming into force, may continue to do so for a period of six months from the date of this regulation coming into force or such other period as may be specified by the Board, or if it has made an application for grant of a certificate for registration within the specified period, till the disposal of such application.","Under SEBI (CRA) Regulations, 1999 (as amended), can an entity provide ESG ratings without registration? What transitional period was provided to existing ESG rating providers?","No. Under Regulation 28C, no person may act as an ESG rating provider without obtaining a certificate from the Board. Existing ESG rating providers operating before the regulation came into force were provided a transitional period of six months (or such other period as specified by the Board) to continue operations. If they filed an application for registration within the six-month period, they could continue until the disposal of their application.",extractive,Medium
REG_184,REG,SEBI,"SEBI (Credit Rating Agencies) Regulations, 1999","Regulation 28E(m)(iv): [Category I ESG rating provider] the applicant shall maintain a minimum liquid net worth of rupees five crores at all times: Provided that at the time of making the application, the applicant shall have a minimum liquid net worth of the higher of, A. rupees ten crores, or B. addition of rupees five crores and the target on cumulative cash losses until breakeven.","What are the ongoing and application-time liquid net worth requirements for a Category I ESG rating provider under SEBI (CRA) Regulations, 1999?","Under Regulation 28E(m)(iv), a Category I ESG rating provider must maintain a minimum liquid net worth of Rs 5 crore at all times on an ongoing basis. At the time of making the application for registration, the applicant must have a minimum liquid net worth equal to the higher of: (A) Rs 10 crore, or (B) Rs 5 crore plus the applicant's own projected target of cumulative cash losses until its targeted breakeven date.",extractive,Hard
NUM_123,NUM,SEBI,"SEBI (Credit Rating Agencies) Regulations, 1999","Regulation 9(d): the credit rating agency shall at all times maintain a minimum net worth of rupees twenty five crore. Provided that a credit rating agency already registered with the Board having a net worth less than rupees twenty five crores, shall increase its net worth to the specified amount within a period of three years from the date of notification of the Securities and Exchange Board of India (Credit Rating Agencies) (Amendment) Regulations, 2018.","A credit rating agency registered with SEBI had a net worth of Rs 18 crore at the time the 2018 Amendment Regulations were notified. By how much must it increase its net worth to comply with the requirement, and by when?","The minimum required net worth is Rs 25 crore. The CRA's current net worth is Rs 18 crore. Required increase = Rs 25 crore − Rs 18 crore = Rs 7 crore. The CRA must increase its net worth by Rs 7 crore within three years from the date of notification of the SEBI (CRA) (Amendment) Regulations, 2018.",calculated,Easy
NUM_124,NUM,SEBI,"SEBI (Credit Rating Agencies) Regulations, 1999","Regulation 4(d): a foreign credit rating agency incorporated in a Financial Action Task Force (FATF) member jurisdiction and recognised under their law, having a minimum of five years' experience in rating securities.","A foreign credit rating agency was incorporated in its home country in January 2018 and began actively rating securities in its home jurisdiction from July 2019. It applies to promote a new CRA in India in December 2025. Does it meet the 'minimum of five years' experience in rating securities' requirement under SEBI (CRA) Regulations, 1999?","The foreign CRA began rating securities from July 2019. By December 2025, it has had 6 years and 5 months of rating experience (July 2019 to December 2025). This exceeds the minimum five-year experience requirement. Yes, the foreign CRA meets the five-year experience requirement.",calculated,Medium
NUM_125,NUM,SEBI,"SEBI (Credit Rating Agencies) Regulations, 1999","Regulation 22: Every credit rating agency shall, within two month's from the date of the auditor's report, take steps to rectify the deficiencies if any, made out in the auditor's report, insofar as they relate to the activity of rating of securities.","An auditor submits a report to a CRA on October 3, 2025, identifying deficiencies in its rating activities. What is the deadline by which the CRA must take steps to rectify these deficiencies under SEBI (CRA) Regulations, 1999?","The CRA must take steps to rectify the deficiencies within two months from the date of the auditor's report. Date of report: October 3, 2025. Adding two months: December 3, 2025. The deadline for rectification is December 3, 2025.",calculated,Easy
NUM_126,NUM,SEBI,"SEBI (Credit Rating Agencies) Regulations, 1999","Regulation 9(e): the promoter of the credit rating agency, in terms of regulation 4, shall maintain a minimum shareholding of 26% in the credit rating agency for a minimum period of three years from the date of grant of registration by the Board.","A CRA's promoter holds 35% of the CRA's shares at the time of registration. The CRA was granted registration on April 1, 2023. Can the promoter legally reduce its shareholding to 20% on June 15, 2026?","The promoter must maintain at least 26% shareholding for a minimum of three years from the date of grant of registration. Three years from April 1, 2023 = April 1, 2026. June 15, 2026 is after April 1, 2026, so the lock-in period of three years has expired by then. After April 1, 2026, the promoter is no longer bound by the 3-year lock-in. However, reducing to 20% would breach the minimum 26% threshold if this obligation is ongoing beyond the three-year period (which the regulation's wording 'for a minimum period of three years' suggests is a lock-in, not a permanent requirement). The regulation specifies a minimum period of three years; after that, the 26% floor from Regulation 9(e) no longer applies as a mandatory minimum. Therefore, the promoter can reduce its shareholding to 20% on June 15, 2026.",calculated,Hard
NUM_127,NUM,SEBI,"SEBI (Credit Rating Agencies) Regulations, 1999","Regulation 28E(m)(iv): [Category I ESG rating provider] maintain a minimum liquid net worth of rupees five crores at all times: at the time of making the application, the applicant shall have a minimum liquid net worth of the higher of, A. rupees ten crores, or B. addition of rupees five crores and the target on cumulative cash losses until breakeven.",A Category I ESG rating provider applicant projects cumulative cash losses of Rs 6 crore until breakeven. What is the minimum liquid net worth the applicant must demonstrate at the time of filing the registration application?,"The minimum liquid net worth at application time is the higher of: (A) Rs 10 crore, or (B) Rs 5 crore + projected cumulative cash losses until breakeven = Rs 5 crore + Rs 6 crore = Rs 11 crore. Since Rs 11 crore > Rs 10 crore, the minimum required liquid net worth at application time is Rs 11 crore.",calculated,Medium
NUM_128,NUM,SEBI,"SEBI (Credit Rating Agencies) Regulations, 1999","Regulation 28E(n)(i): [Category II ESG rating provider] maintain minimum liquid net worth of rupees ten lakh at all times: at the time of making the application, the applicant shall have a minimum liquid net worth of the higher of, A. rupees twenty lakhs; or B. addition of rupees ten lakhs and the target on cumulative cash losses until breakeven.","A Category II ESG rating provider applicant projects cumulative cash losses of Rs 8 lakh until breakeven. What is the minimum liquid net worth at application time, and how does it compare to the ongoing maintenance requirement?","At application time, the minimum is the higher of: (A) Rs 20 lakh, or (B) Rs 10 lakh + Rs 8 lakh (projected losses) = Rs 18 lakh. Since Rs 20 lakh > Rs 18 lakh, the minimum liquid net worth at application time is Rs 20 lakh. The ongoing maintenance requirement is Rs 10 lakh. Therefore, the application-time requirement (Rs 20 lakh) is double the ongoing maintenance requirement (Rs 10 lakh).",calculated,Medium
NUM_129,NUM,SEBI,"SEBI (Credit Rating Agencies) Regulations, 1999","Regulation 24A(2): A shareholder holding 10 per cent or more shares and/or voting rights in a credit rating agency shall not hold 10 per cent or more shares and/or voting rights, directly or indirectly, in any other credit rating agency. Provided that the said restriction shall not apply to holdings by Pension Funds, Insurance Schemes and Mutual Fund Schemes.","Institution X holds 12% of the shares of CRA-1. It proposes to acquire a 9% stake in CRA-2. Would this acquisition violate Regulation 24A(2) of the SEBI (CRA) Regulations, 1999?","No, the proposed acquisition would not violate Regulation 24A(2). The restriction applies to a shareholder holding 10% or more in one CRA acquiring 10% or more in another CRA. Institution X already holds 12% (≥10%) in CRA-1. However, the proposed acquisition in CRA-2 is only 9%, which is below the 10% threshold. Since the combined holding in CRA-2 (9%) is less than 10%, the restriction under Regulation 24A(2) is not triggered. The acquisition is permissible.",calculated,Medium
NUM_130,NUM,SEBI,"SEBI (Credit Rating Agencies) Regulations, 1999","Regulation 5(e): any company or body corporate, having continuous net worth of minimum rupees one hundred crores as per its audited annual accounts for the previous five years prior to filing of the application with the Board for the grant of certificate.",A body corporate files an application to promote a credit rating agency in December 2025. Its audited net worth for the preceding years was: 2020-21: Rs 95 crore; 2021-22: Rs 102 crore; 2022-23: Rs 110 crore; 2023-24: Rs 108 crore; 2024-25: Rs 115 crore. Does it meet the Regulation 4(e) promoter eligibility criterion?,"The requirement under Regulation 4(e) is a continuous net worth of at least Rs 100 crore per audited annual accounts for the previous five years. The five years preceding December 2025 would be FY 2020-21 through FY 2024-25. Net worth history: FY 2020-21: Rs 95 crore (fails — below Rs 100 crore), FY 2021-22: Rs 102 crore, FY 2022-23: Rs 110 crore, FY 2023-24: Rs 108 crore, FY 2024-25: Rs 115 crore. Since FY 2020-21 (Rs 95 crore) is below the Rs 100 crore threshold, the 'continuous' net worth requirement is not met. The body corporate does not meet the eligibility criterion under Regulation 4(e).",calculated,Hard
CON_066,CON,SEBI,,,Do these two versions of Regulation 8(2) impose the same validity period for a credit rating agency's certificate of registration?,No,yes_no,Easy
CON_067,CON,SEBI,,,Do the original and 2018-amended versions of Regulation 5(c) prescribe the same minimum net worth requirement for credit rating agency applicants?,No,yes_no,Easy
CON_068,CON,SEBI,,,Do the original Regulation 14(g) and the 2011-amended version impose the same mandatory rating requirement for large debt security issues?,No,yes_no,Hard
CON_069,CON,SEBI,,,Do the original and 2018-amended versions of Regulation 9(f) define the same permissible scope of rating activities for a credit rating agency?,No,yes_no,Hard
CON_070,CON,SEBI,,,Do the original and 2018-amended versions of Regulation 16(3) provide the same grounds for a credit rating agency to withdraw a rating of an outstanding security?,No,yes_no,Medium
CON_071,CON,SEBI,,,Do the original and 2021-amended definitions of 'credit rating agency' under Regulation 2(h) cover the same scope of rating activity?,No,yes_no,Medium
TMP_073,TMP,SEBI,"SEBI (Credit Rating Agencies) Regulations, 1999","Regulation 5(c) (original): the applicant has a minimum net worth of rupees five crores. [Substituted by SEBI (CRA) (Amendment) Regulations, 2018, w.e.f. 30-05-2018]: the applicant has a minimum net worth of rupees twenty five crore.","When was the minimum net worth requirement for credit rating agency applicants under SEBI (CRA) Regulations, 1999 raised, and by how much was it increased?","The minimum net worth requirement was raised by the SEBI (Credit Rating Agencies) (Amendment) Regulations, 2018, with effect from 30 May 2018. The original 1999 regulations set a minimum of Rs five crore. The 2018 amendment increased this to Rs twenty-five crore — a five-fold increase of Rs twenty crore.",extractive,Easy
TMP_074,TMP,SEBI,"SEBI (Credit Rating Agencies) Regulations, 1999","Regulation 14(g) (original): the client shall agree to obtain a rating from at least two different rating agencies for any issue of debt securities whose size is equal to or exceeds, rupees one hundred crores. [Substituted by SEBI (CRA) (Second Amendment) Regulations, 2011, w.e.f. 27-12-2011]: the client shall obtain a rating for any issue of debt securities in accordance with the relevant regulations.","Under the original SEBI (CRA) Regulations, 1999, what was the mandatory dual-rating requirement for large debt issues, and when was it removed?","Under the original Regulation 14(g), a client was required to obtain ratings from at least two different credit rating agencies for any debt securities issue of Rs 100 crore or more. This mandatory dual-rating requirement was removed by the SEBI (Credit Rating Agencies) (Second Amendment) Regulations, 2011, with effect from 27 December 2011. The 2011 amendment replaced this specific dual-rating obligation with a general requirement to obtain a rating 'in accordance with the relevant regulations.'",extractive,Medium
TMP_075,TMP,SEBI,"SEBI (Credit Rating Agencies) Regulations, 1999","Regulation 8(2) (as amended by 2011 Amendment): certificate of initial registration valid for 5 years. Regulation 8A (inserted by 2011 Amendment): application for permanent registration to be made 3 months before expiry of initial certificate. [Regulation 8A omitted and Regulation 8(2) substituted by the Change in Conditions of Registration of Certain Intermediaries (Amendment) Regulations, 2016 w.e.f. 08-12-2016.] Current Regulation 8(2): valid unless suspended or cancelled.","Describe the evolution of the certificate validity regime for credit rating agencies under SEBI (CRA) Regulations, 1999 from the original regulations through to the current position.","The evolution of certificate validity for CRAs under SEBI (CRA) Regulations, 1999 went through three stages: (1) Original (1999): The original regulation prescribed a fixed validity period of three years for the certificate of registration. (2) 2011 Amendment (w.e.f. 05-07-2011): SEBI (CRA) (Amendment) Regulations, 2011 introduced a two-stage regime — an 'initial registration' valid for five years, after which the CRA could apply for 'permanent registration' (application to be made three months before expiry of the initial certificate). (3) 2016 Amendment (w.e.f. 08-12-2016): The SEBI (Change in Conditions of Registration of Certain Intermediaries) (Amendment) Regulations, 2016 abolished both the initial/permanent registration distinction and all fixed validity periods — the certificate is now valid in perpetuity unless suspended or cancelled by SEBI.",extractive,Hard
TMP_076,TMP,SEBI,"SEBI (Credit Rating Agencies) Regulations, 1999","Regulation 2(h) — definition of 'credit rating agency' (pre-2021): rating of securities offered by way of public or rights issue. [Amended by SEBI (CRA) (Amendment) Regulations, 2021 w.e.f. 03-08-2021]: rating of securities that are listed or proposed to be listed on a stock exchange recognized by the Board.","What change did the SEBI (CRA) (Amendment) Regulations, 2021 make to the definition of 'credit rating agency' under Regulation 2(h)?","The SEBI (Credit Rating Agencies) (Amendment) Regulations, 2021 (w.e.f. 03-08-2021) substituted the definition of 'credit rating agency' under Regulation 2(h). The original definition restricted 'credit rating agencies' to entities rating securities 'offered by way of public or rights issue' — covering only primary market issuances. The 2021 amendment broadened the definition to cover rating of securities 'that are listed or proposed to be listed on a stock exchange recognized by the Board' — expanding the scope to include all listed securities and not just those offered via public or rights issues.",extractive,Medium
TMP_077,TMP,SEBI,"SEBI (Credit Rating Agencies) Regulations, 1999","Chapter IVA (ESG Rating Providers) inserted by SEBI (CRA) (Amendment) Regulations, 2023, w.e.f. 4.07.2023. Regulation 28C: no person shall act as an ESG rating provider unless it has obtained a certificate from the Board.","When was the regulatory framework for ESG rating providers introduced under SEBI (CRA) Regulations, 1999?","The regulatory framework for ESG rating providers was introduced through the insertion of Chapter IVA (comprising Regulations 28A to 28I) by the Securities and Exchange Board of India (Credit Rating Agencies) (Amendment) Regulations, 2023, with effect from 4 July 2023. Prior to this amendment, SEBI (CRA) Regulations, 1999 contained no provisions specifically governing ESG rating providers.",extractive,Easy
TMP_078,TMP,SEBI,"SEBI (Credit Rating Agencies) Regulations, 1999","Regulation 5(l) (inserted by SEBI (CRA) (Amendment) Regulations, 2018, w.e.f. 30-05-2018): the promoter of the credit rating agency, in terms of regulation 4, has a minimum shareholding of 26% in the credit rating agency.","When was the 26% minimum promoter shareholding requirement for credit rating agencies introduced under SEBI (CRA) Regulations, 1999?","The requirement for a minimum promoter shareholding of 26% in a credit rating agency was introduced by the SEBI (Credit Rating Agencies) (Amendment) Regulations, 2018, with effect from 30 May 2018. Prior to this amendment, the SEBI (CRA) Regulations, 1999 did not prescribe any minimum shareholding requirement for promoters. The 2018 amendment inserted Regulation 5(l) (eligibility criterion) and Regulation 9(e) (ongoing condition of certificate) to impose this requirement.",extractive,Easy
TMP_079,TMP,SEBI,"SEBI (Credit Rating Agencies) Regulations, 1999","Regulation 24A (inserted by SEBI (CRA) (Amendment) Regulations, 2018, w.e.f. 30-05-2018): cross-shareholding restrictions between CRAs. A CRA shall not directly or indirectly hold 10% or more shareholding in any other CRA, or have board representation in any other CRA.","When were the cross-shareholding restrictions between credit rating agencies first introduced in SEBI (CRA) Regulations, 1999?","The cross-shareholding restrictions between credit rating agencies (Regulation 24A) were first introduced by the SEBI (Credit Rating Agencies) (Amendment) Regulations, 2018, with effect from 30 May 2018. Prior to the 2018 amendment, the SEBI (CRA) Regulations, 1999 did not contain any specific prohibition on CRAs holding shares in other CRAs or shareholders of one CRA holding 10% or more in another CRA.",extractive,Easy
TMP_080,TMP,SEBI,"SEBI (Credit Rating Agencies) Regulations, 1999","Regulation 15(1) (pre-2018): Every credit rating agency shall, during the lifetime of securities rated by it continuously monitor the rating of such securities. Regulation 15(1) (as substituted by SEBI (CRA) (Amendment) Regulations, 2018, w.e.f. 30-05-2018): Every credit rating agency shall, during the lifetime of securities rated by it continuously monitor the rating of such securities, unless the rating is withdrawn, subject to the provisions of regulation 16(3).","What change did the SEBI (CRA) (Amendment) Regulations, 2018 make to the continuous monitoring obligation under Regulation 15(1)?","The SEBI (Credit Rating Agencies) (Amendment) Regulations, 2018 (w.e.f. 30-05-2018) added a qualifying carveout to the continuous monitoring obligation in Regulation 15(1). The original version required CRAs to continuously monitor ratings 'during the lifetime of securities rated by it' with no exception. The 2018 amendment added the phrase 'unless the rating is withdrawn, subject to the provisions of regulation 16(3)' — clarifying that the monitoring obligation ceases if and when a rating is legitimately withdrawn in accordance with the conditions specified in Regulation 16(3) (i.e., winding up, merger, or as specified by the Board).",extractive,Medium
REG_185,REG,SEBI,"Securities and Exchange Board of India (Substantial Acquisition of Shares and Takeovers) Regulations, 2011",Regulation 3(1): No acquirer shall acquire shares or voting rights in a target company which taken together with shares or voting rights held by him and by persons acting in concert entitle them to exercise twenty-five per cent or more of the voting rights in such target company unless the acquirer makes a public announcement of an open offer.,"Under Regulation 3(1) of SEBI (Substantial Acquisition of Shares and Takeovers) Regulations 2011, what voting rights threshold triggers the mandatory open offer obligation?",25% or more of the voting rights in the target company (when combined with shares held by the acquirer and persons acting in concert).,extractive,Easy
REG_186,REG,SEBI,"Securities and Exchange Board of India (Substantial Acquisition of Shares and Takeovers) Regulations, 2011","Regulation 3(2): No acquirer who together with persons acting in concert has acquired and holds in accordance with these regulations shares or voting rights entitling them to exercise twenty-five per cent or more but less than the maximum permissible non-public shareholding, shall acquire within any financial year additional shares or voting rights entitling them to exercise more than five per cent of the voting rights, unless the acquirer makes a public announcement of an open offer.",An acquirer holds 30% voting rights in a target company. What is the maximum additional percentage of voting rights they can acquire in a single financial year under Regulation 3(2) without triggering an open offer?,5% of voting rights per financial year.,extractive,Easy
REG_187,REG,SEBI,"Securities and Exchange Board of India (Substantial Acquisition of Shares and Takeovers) Regulations, 2011","Regulation 4: Irrespective of acquisition or holding of shares or voting rights in a target company, no acquirer shall acquire, directly or indirectly, control over such target company unless the acquirer makes a public announcement of an open offer for acquiring shares of such target company in accordance with these regulations.","Can an acquirer acquire control over a target company without making a public announcement of an open offer, even if they do not acquire any new shares?","No. Regulation 4 states that irrespective of acquisition or holding of shares or voting rights, no acquirer shall acquire control over a target company without making a public announcement of an open offer.",extractive,Easy
REG_188,REG,SEBI,"Securities and Exchange Board of India (Substantial Acquisition of Shares and Takeovers) Regulations, 2011","Regulation 5(2): In case of an indirect acquisition where (a) the proportionate net asset value of the target company as a percentage of the consolidated NAV, (b) the proportionate sales turnover as a percentage of consolidated sales turnover, or (c) the proportionate market capitalisation as a percentage of enterprise value of the entity being acquired is in excess of eighty per cent, such indirect acquisition shall be regarded as a direct acquisition for all purposes including timing, pricing and compliance requirements.","Under Regulation 5(2) of SEBI Takeovers Regulations 2011, under what condition is an indirect acquisition treated as a direct acquisition for all purposes of the regulations?","When the proportionate NAV, proportionate sales turnover, or proportionate market capitalisation of the target company exceeds 80% of the consolidated NAV, consolidated sales turnover, or enterprise value (respectively) of the entity being acquired, on the basis of the most recent audited annual financial statements.",extractive,Medium
REG_189,REG,SEBI,"Securities and Exchange Board of India (Substantial Acquisition of Shares and Takeovers) Regulations, 2011","Regulation 6(1): An acquirer who together with persons acting in concert holds shares or voting rights entitling them to exercise twenty-five per cent or more but less than the maximum permissible non-public shareholding, shall be entitled to voluntarily make a public announcement of an open offer for acquiring shares in accordance with these regulations, subject to their aggregate shareholding after completion of the open offer not exceeding the maximum permissible non-public shareholding.",What shareholding range qualifies an acquirer to voluntarily make a public announcement of an open offer under Regulation 6(1) of SEBI Takeovers Regulations 2011?,"The acquirer must hold shares or voting rights of 25% or more but less than the maximum permissible non-public shareholding, and the aggregate shareholding after completion of the offer must not exceed the maximum permissible non-public shareholding.",extractive,Easy
REG_190,REG,SEBI,"Securities and Exchange Board of India (Substantial Acquisition of Shares and Takeovers) Regulations, 2011",Regulation 6(2): An acquirer and persons acting in concert who have made a public announcement under this regulation to acquire shares of a target company shall not be entitled to acquire any shares of the target company for a period of six months after completion of the open offer except pursuant to another voluntary open offer.,"Under Regulation 6(2), after completing a voluntary open offer, for how long is the acquirer prohibited from acquiring further shares of the target company (other than through another voluntary open offer)?",Six months after completion of the open offer.,extractive,Easy
REG_191,REG,SEBI,"Securities and Exchange Board of India (Substantial Acquisition of Shares and Takeovers) Regulations, 2011","Regulation 6A: Notwithstanding anything contained in these regulations, no person who is a wilful defaulter shall make a public announcement of an open offer for acquiring shares or enter into any transaction that would attract the obligation to make a public announcement of an open offer for acquiring shares under these regulations. Provided that this regulation shall not prohibit the wilful defaulter from making a competing offer upon any other person making an open offer for acquiring shares of the target company.","What does Regulation 6A of SEBI Takeovers Regulations 2011 prohibit, and what exception does it carve out for wilful defaulters?","Regulation 6A prohibits wilful defaulters from making a public announcement of an open offer or entering into any transaction triggering an open offer obligation. However, it does not prohibit a wilful defaulter from making a competing offer when another person has made an open offer for shares of the same target company.",extractive,Medium
REG_192,REG,SEBI,"Securities and Exchange Board of India (Substantial Acquisition of Shares and Takeovers) Regulations, 2011","Regulation 7(1): The open offer for acquiring shares to be made by the acquirer and persons acting in concert under regulation 3 and regulation 4 shall be for at least twenty six per cent of total shares of the target company, as of tenth working day from the closure of the tendering period.","Under Regulation 7(1) of SEBI Takeovers Regulations 2011, what is the minimum open offer size for a mandatory open offer triggered under Regulations 3 or 4?",At least 26% of the total shares of the target company (as of the tenth working day from the closure of the tendering period).,extractive,Easy
REG_193,REG,SEBI,"Securities and Exchange Board of India (Substantial Acquisition of Shares and Takeovers) Regulations, 2011","Regulation 8(8): Where the acquirer has acquired or agreed to acquire any shares or voting rights in the target company during the offer period at a price higher than the offer price, the offer price shall stand revised to the highest price paid or payable for any such acquisition. Provided that no such acquisition shall be made after the third working day prior to the commencement of the tendering period and until the expiry of the tendering period.",What happens to the offer price if an acquirer purchases shares of the target company during the offer period at a price higher than the declared offer price under Regulation 8(8)?,"The offer price automatically stands revised to the highest price paid or payable for such acquisition. However, no such acquisition is permitted after the third working day prior to the commencement of the tendering period and during the tendering period.",extractive,Medium
REG_194,REG,SEBI,"Securities and Exchange Board of India (Substantial Acquisition of Shares and Takeovers) Regulations, 2011","Regulation 8(10): Where the acquirer or persons acting in concert acquires shares of the target company during the period of twenty-six weeks after the tendering period at a price higher than the offer price under these regulations, the acquirer and persons acting in concert shall pay the difference between the highest acquisition price and the offer price, to all the shareholders whose shares were accepted in the open offer, within sixty days from the date of such acquisition.","Under Regulation 8(10), if an acquirer buys shares of the target company within 26 weeks after the tendering period at a price higher than the offer price, what obligation arises and within what timeframe must it be fulfilled?","The acquirer must pay the difference between the highest acquisition price and the open offer price to all shareholders whose shares were accepted in the open offer, within 60 days from the date of such acquisition. The obligation does not apply to acquisitions under another open offer, the Delisting Regulations, or ordinary open market purchases not involving negotiated transactions.",extractive,Medium
REG_195,REG,SEBI,"Securities and Exchange Board of India (Substantial Acquisition of Shares and Takeovers) Regulations, 2011","Regulation 9(2): For purposes of payment by way of listed shares, the shares sought to be issued or exchanged shall conform to the following: (a) listed and frequently traded; (b) listed for at least two years preceding the date of public announcement; (c) issuer has redressed at least 95% of complaints received from investors in the preceding calendar quarter; (d) issuer has been in material compliance with listing regulations for at least two years immediately preceding the date of public announcement; (e) impact of auditors' qualifications does not exceed 5% of net profit or loss after tax for three immediately preceding financial years; (f) SEBI has not issued directions against the issuer restricting capital market access.",What conditions must listed shares offered as non-cash consideration in an open offer satisfy under Regulation 9(2) of SEBI Takeovers Regulations 2011?,The shares must: (a) be listed and frequently traded; (b) have been listed for at least 2 years before the date of public announcement; (c) the issuer must have redressed at least 95% of investor complaints in the preceding calendar quarter; (d) the issuer must have materially complied with listing regulations for at least 2 years preceding the public announcement; (e) impact of auditors' qualifications must not exceed 5% of net profit or loss after tax for three preceding financial years; and (f) SEBI must not have issued any direction restricting the issuer's access to capital markets or issuance of fresh shares.,extractive,Hard
REG_196,REG,SEBI,"Securities and Exchange Board of India (Substantial Acquisition of Shares and Takeovers) Regulations, 2011","Regulation 10(3): An increase in voting rights in a target company of any shareholder beyond the limit attracting an obligation to make an open offer under sub-regulation (1) of regulation 3, pursuant to buy-back of shares by the target company shall be exempt from the obligation to make an open offer provided such shareholder reduces his shareholding such that his voting rights fall to below the threshold referred to in sub-regulation (1) of regulation 3 within ninety days from the date of the closure of the said buy-back offer.","Under Regulation 10(3), what must a shareholder do to claim exemption from making an open offer when their voting rights exceed the threshold solely because of a buy-back by the target company?",The shareholder must reduce their shareholding such that voting rights fall below the 25% threshold within 90 days from the date of closure of the buy-back offer.,extractive,Medium
REG_197,REG,SEBI,"Securities and Exchange Board of India (Substantial Acquisition of Shares and Takeovers) Regulations, 2011","Regulation 12(1): Prior to making a public announcement, the acquirer shall appoint a merchant banker registered with the Board, who is not an associate of the acquirer, as the manager to the open offer. (2) The public announcement of the open offer shall be made by the acquirer through such manager to the open offer.",What is the key independence requirement for the manager to the open offer under Regulation 12(1) of SEBI Takeovers Regulations 2011?,The manager to the open offer must be a SEBI-registered merchant banker who is not an associate of the acquirer.,extractive,Easy
REG_198,REG,SEBI,"Securities and Exchange Board of India (Substantial Acquisition of Shares and Takeovers) Regulations, 2011","Regulation 16(4): The Board shall give its comments on the draft letter of offer as expeditiously as possible but not later than fifteen working days of the receipt of the draft letter of offer and in the event of no comments being issued by the Board within such period, it shall be deemed that the Board does not have comments to offer. Provided that in the event the Board has sought clarifications or additional information, the period for issuance of comments shall be extended to the fifth working day from the date of receipt of satisfactory reply.","Under Regulation 16(4) of SEBI Takeovers Regulations 2011, within how many working days must SEBI give its comments on the draft letter of offer, and what is the consequence if no comments are given within that period?","SEBI must give its comments within 15 working days of receipt of the draft letter of offer. If no comments are issued within this period, it is deemed that SEBI does not have comments to offer. If SEBI seeks clarifications, the deadline extends to the fifth working day from receipt of a satisfactory reply.",extractive,Easy
REG_199,REG,SEBI,"Securities and Exchange Board of India (Substantial Acquisition of Shares and Takeovers) Regulations, 2011","Regulation 17(10)(e): The escrow account deposited with the bank in cash shall be released to the entire amount to the manager to the open offer, in the event of forfeiture for non-fulfillment of any of the obligations under these regulations, for distribution in the following manner, after deduction of expenses of registered market intermediaries: (i) one third to the target company; (ii) one third to the Investor Protection and Education Fund; (iii) one third distributed pro-rata among the shareholders who have accepted the open offer.","Under Regulation 17(10)(e), if an acquirer's escrow account is forfeited for non-fulfillment of open offer obligations, how is the forfeited amount distributed?",After deduction of expenses of registered market intermediaries: one-third to the target company; one-third to the Investor Protection and Education Fund (IPEF); and one-third distributed pro-rata among shareholders who accepted the open offer.,extractive,Medium
REG_200,REG,SEBI,"Securities and Exchange Board of India (Substantial Acquisition of Shares and Takeovers) Regulations, 2011","Regulation 22(2): Notwithstanding anything contained in sub-regulation (1), subject to the acquirer depositing in the escrow account cash of an amount equal to the entire consideration payable under the open offer assuming full acceptance of the open offer, the parties to such agreement may after the expiry of twenty-one working days from the date of detailed public statement, act upon the agreement and the acquirer may complete the acquisition.",Under what condition and after what period may an acquirer complete the underlying acquisition before the expiry of the offer period under Regulation 22(2)?,"The acquirer may complete the acquisition after expiry of 21 working days from the date of the detailed public statement, provided they have deposited in the escrow account, in cash, an amount equal to the entire consideration payable under the open offer assuming full acceptance.",extractive,Medium
REG_201,REG,SEBI,"Securities and Exchange Board of India (Substantial Acquisition of Shares and Takeovers) Regulations, 2011","Regulation 29(1): Any acquirer, together with persons acting in concert with him acquiring shares or voting rights in a target company, which taken together aggregates to five per cent or more of the shares of such target company, shall disclose their aggregate shareholding and voting rights in such form as may be specified. (2) Any person who holds shares or voting rights entitling them to five per cent or more shall disclose the number held and change in shareholding or voting rights if such change exceeds two per cent of total shareholding or voting rights in the target company. (3) Such disclosures shall be made within two working days of the acquisition or disposal.","Under Chapter V (Disclosure provisions) of SEBI Takeovers Regulations 2011, when must a disclosure of acquisition be made if the acquisition aggregates to 5% or more, and within what timeframe must the disclosure be filed?","An acquirer whose aggregate acquisition reaches 5% or more must disclose their aggregate shareholding and voting rights. Additionally, any person already holding 5% or more must disclose any change in shareholding exceeding 2%. All such disclosures must be made within two working days of the acquisition or disposal to every stock exchange where the target company is listed and to the target company at its registered office.",extractive,Medium
REG_202,REG,SEBI,"Securities and Exchange Board of India (Substantial Acquisition of Shares and Takeovers) Regulations, 2011","Regulation 26(2): During the offer period, unless the approval of shareholders of the target company by way of a special resolution by postal ballot is obtained, the board of directors of either the target company or any of its subsidiaries shall not: (a) alienate any material assets outside ordinary course of business; (b) effect any material borrowings outside ordinary course of business; (c) issue or allot any authorised but unissued securities entitling voting rights; (d) implement any buy-back or effect capital structure changes; (e) enter into, amend or terminate material contracts outside ordinary course; (f) accelerate any contingent vesting of rights including ESOPs.","Under Regulation 26(2) of SEBI Takeovers Regulations 2011, what actions is the target company's board of directors prohibited from taking during the offer period without shareholder approval by postal ballot?","The board is prohibited from: (a) alienating material assets outside ordinary course of business; (b) effecting material borrowings outside ordinary course; (c) issuing unissued securities with voting rights; (d) implementing share buy-backs or changing capital structure; (e) entering into, amending or terminating material contracts outside ordinary course; and (f) accelerating any contingent vesting of rights such as ESOPs.",extractive,Hard
NUM_131,NUM,SEBI,"Securities and Exchange Board of India (Substantial Acquisition of Shares and Takeovers) Regulations, 2011",Regulation 17(1) Escrow table: On the first five hundred crore rupees — 25% of the consideration; On the balance consideration — additional 10% of the balance consideration.,"An acquirer makes a mandatory open offer where the total consideration payable is Rs 1,200 crore. What is the minimum escrow amount they must create under Regulation 17(1) of SEBI Takeovers Regulations 2011?",Rs 125 crore (25% of first Rs 500 crore) + Rs 70 crore (10% of balance Rs 700 crore) = Rs 195 crore.,calculated,Medium
NUM_132,NUM,SEBI,"Securities and Exchange Board of India (Substantial Acquisition of Shares and Takeovers) Regulations, 2011","Regulation 3(2): No acquirer who together with persons acting in concert holds 25% or more but less than the maximum permissible non-public shareholding, shall acquire within any financial year additional shares or voting rights entitling them to exercise more than five per cent of the voting rights, unless an open offer is made.",An acquirer holds 28% voting rights in a listed company with 10 crore total shares outstanding. What is the maximum number of additional shares they can acquire in financial year 2024-25 without triggering a mandatory open offer under Regulation 3(2)?,5% of 10 crore = 50 lakh shares.,calculated,Easy
NUM_133,NUM,SEBI,"Securities and Exchange Board of India (Substantial Acquisition of Shares and Takeovers) Regulations, 2011","Regulation 7(1): The open offer for acquiring shares to be made under regulation 3 and regulation 4 shall be for at least twenty six per cent of total shares of the target company, as of tenth working day from the closure of the tendering period.",A listed company has 50 crore shares outstanding. An acquirer acquires shares triggering a mandatory open offer under Regulation 3(1). What is the minimum number of shares for which the open offer must be made under Regulation 7(1)?,26% of 50 crore = 13 crore shares.,calculated,Easy
NUM_134,NUM,SEBI,"Securities and Exchange Board of India (Substantial Acquisition of Shares and Takeovers) Regulations, 2011","Regulation 8(10): Where the acquirer acquires shares during the period of twenty-six weeks after the tendering period at a price higher than the offer price, the acquirer shall pay the difference between the highest acquisition price and the offer price to all shareholders whose shares were accepted in the open offer, within sixty days from the date of such acquisition.","An open offer at Rs 100 per share completed payment to shareholders on March 15, 2024. The acquirer then purchases shares in the open market at Rs 130 per share on August 20, 2024. Does Regulation 8(10) apply, and if so, by when must the difference be paid to shareholders who tendered in the open offer?","26 weeks from March 15, 2024 is approximately September 15, 2024. August 20, 2024 falls within this window, so Regulation 8(10) applies. The acquirer must pay Rs 30 per share (Rs 130 minus Rs 100) to all tendering shareholders within 60 days from August 20, 2024, i.e., by approximately October 19, 2024.",calculated,Hard
NUM_135,NUM,SEBI,"Securities and Exchange Board of India (Substantial Acquisition of Shares and Takeovers) Regulations, 2011","Regulation 17(4): In the event of the escrow account being created by way of a bank guarantee or by deposit of securities, the acquirer shall also ensure that at least one per cent of the total consideration payable is deposited in cash with a scheduled commercial bank as a part of the escrow account.","An acquirer's total consideration payable under an open offer is Rs 600 crore. Under Regulation 17(1), the required escrow is Rs 235 crore. The acquirer intends to fund the entire escrow via bank guarantee. What minimum cash amount must they additionally deposit with a scheduled commercial bank?",At least 1% of total consideration payable = 1% of Rs 600 crore = Rs 6 crore must be deposited in cash.,calculated,Medium
NUM_136,NUM,SEBI,"Securities and Exchange Board of India (Substantial Acquisition of Shares and Takeovers) Regulations, 2011","Regulation 16(1) fee table: Up to ten crore rupees — Rs 5,00,000; More than ten crore rupees but not more than one thousand crore rupees — 0.5% of the offer size; More than one thousand crore rupees — Rs 5,00,00,000 plus 0.125% of the portion in excess of one thousand crore rupees.",An acquirer makes a mandatory open offer where the total consideration payable is Rs 400 crore. What is the non-refundable fee payable to SEBI under Regulation 16(1) at the time of filing the draft letter of offer?,"Consideration is more than Rs 10 crore but less than or equal to Rs 1,000 crore: fee = 0.5% of offer size = 0.5% × Rs 400 crore = Rs 2 crore.",calculated,Medium
NUM_137,NUM,SEBI,"Securities and Exchange Board of India (Substantial Acquisition of Shares and Takeovers) Regulations, 2011",Regulation 18(8): The tendering period shall start not later than twelve working days from date of receipt of comments from SEBI under Regulation 16(4) and shall remain open for ten working days.,"SEBI issued its comments on the draft letter of offer on April 7, 2025. Assuming no intervening non-working days, what is the last permissible date on which the tendering period can commence, and when is the last date of the tendering period?","The tendering period must commence no later than 12 working days from April 7, 2025 = approximately April 23, 2025 (adding 12 working days). The tendering period then remains open for 10 working days, so the last date of the tendering period = approximately May 7, 2025 (adding 10 working days from April 23).",calculated,Medium
NUM_138,NUM,SEBI,"Securities and Exchange Board of India (Substantial Acquisition of Shares and Takeovers) Regulations, 2011",Regulation 7(2): The open offer made under regulation 6 (voluntary offer) shall be for acquisition of at least such number of shares as would entitle the holder thereof to exercise an additional ten per cent of the voting rights in the target company.,An acquirer holds 40% voting rights in a target company with 200 crore total shares. They wish to make a voluntary open offer under Regulation 6. What is the minimum number of shares for which the offer must be made under Regulation 7(2)?,At least 10% additional voting rights = 10% of 200 crore total shares = 20 crore shares.,calculated,Easy
CON_072,CON,SEBI,,,Do Regulation 3(1) and Regulation 3(5) of SEBI Takeovers Regulations 2011 contradict each other about the shareholding threshold triggering a mandatory open offer?,No,yes_no,Medium
CON_073,CON,SEBI,,,Do the main provision and the 2020 proviso of Regulation 3(2) of SEBI Takeovers Regulations 2011 contradict each other about the annual creep acquisition limit?,No,yes_no,Hard
CON_074,CON,SEBI,,,Is there a contradiction between Regulation 7(1) and Regulation 7(2) about the minimum open offer size under SEBI Takeovers Regulations 2011?,No,yes_no,Medium
CON_075,CON,SEBI,,,Do Regulation 22(1) and Regulation 22(2) contradict each other about when an acquirer can complete the underlying acquisition transaction?,No,yes_no,Medium
CON_076,CON,SEBI,,,Is there a contradiction between Regulation 23(1) and Regulation 6A regarding the circumstances under which a wilful defaulter can withdraw from an open offer obligation?,No,yes_no,Hard
CON_077,CON,SEBI,,,Do Regulation 29(1) and Regulation 29(2) impose contradictory or duplicative disclosure obligations on an acquirer who crosses 5% while already holding 4% and now acquires 2% more (reaching 6% total)?,No,yes_no,Hard
TMP_081,TMP,SEBI,"Securities and Exchange Board of India (Substantial Acquisition of Shares and Takeovers) Regulations, 2011","Regulation 6A was inserted by the SEBI (Substantial Acquisition of Shares and Takeovers) (Second Amendment) Regulations, 2016, w.e.f. 25-05-2016. Regulation 6B was inserted by the SEBI (Substantial Acquisition of Shares and Takeovers) (Second Amendment) Regulations, 2018, w.e.f. 11-09-2018.","When did SEBI introduce separate prohibitions on wilful defaulters and fugitive economic offenders making open offers under the Takeovers Regulations, and what triggered these additions?","The prohibition on wilful defaulters (Regulation 6A) was inserted by the Second Amendment Regulations, 2016, effective May 25, 2016, following Reserve Bank of India guidelines on wilful defaulters. The prohibition on fugitive economic offenders (Regulation 6B) was inserted by the Second Amendment Regulations, 2018, effective September 11, 2018, following the enactment of the Fugitive Economic Offenders Act, 2018.",extractive,Medium
TMP_082,TMP,SEBI,"Securities and Exchange Board of India (Substantial Acquisition of Shares and Takeovers) Regulations, 2011","Regulation 18(4): Irrespective of whether a competing offer has been made, an acquirer may make upward revisions to the offer price at any time prior to the commencement of the last one working day before the commencement of the tendering period. Substituted by the SEBI (SAST) (Second Amendment) Regulations, 2018, w.e.f. 11-09-2018. Prior to its substitution, it read 'three working days'.",How was the deadline for making upward revisions to the offer price changed under Regulation 18(4) of SEBI Takeovers Regulations 2011 by the 2018 amendments?,"Prior to the 2018 amendment, an acquirer could make upward revisions to the offer price up to three working days before the commencement of the tendering period. The Second Amendment Regulations, 2018 (effective September 11, 2018) reduced this window to one working day before the commencement of the tendering period, tightening the timeline for last-minute price revisions.",extractive,Medium
TMP_083,TMP,SEBI,"Securities and Exchange Board of India (Substantial Acquisition of Shares and Takeovers) Regulations, 2011","Regulation 3(5): For the purpose of this regulation, any reference to 'twenty-five per cent' in case of listed entity which has listed its specified securities on Innovators Growth Platform shall be read as 'forty-nine per cent'. Inserted by the SEBI (Substantial Acquisition of Shares and Takeovers) (Amendment) Regulations, 2021, w.e.f. 05-05-2021. Regulation 1(3): The word 'institutional trading platform' was also substituted to 'Innovators Growth Platform' by the same 2021 amendment.","When did SEBI introduce the higher 49% open offer threshold for entities listed on the Innovators Growth Platform (formerly Institutional Trading Platform), and what changes were made simultaneously?","The Amendment Regulations, 2021, effective May 5, 2021, inserted Regulations 3(5) and 6(4) providing that the 25% mandatory open offer threshold reads as 49% for IGP-listed entities. Simultaneously, the same amendment renamed 'institutional trading platform' to 'Innovators Growth Platform' throughout the regulations.",extractive,Medium
TMP_084,TMP,SEBI,"Securities and Exchange Board of India (Substantial Acquisition of Shares and Takeovers) Regulations, 2011","Regulation 5A was substituted by the SEBI (SAST) (Third Amendment) Regulations, 2021, w.e.f. 6-12-2021. The original Regulation 5A (inserted by the SEBI (Listing of Specified Securities on Institutional Trading Platform) Regulations, 2013) read: 'The acquirer may delist the company in accordance with the Securities and Exchange Board of India (Delisting of Equity Shares) Regulations, 2009.' The new Regulation 5A provides a detailed delisting offer framework referencing the Delisting Regulations, 2021 and includes a two-attempt structure.",How did the SEBI Takeovers Regulations provisions on combined open offer and delisting evolve from 2013 to 2021?,"In 2013, a basic Regulation 5A was inserted allowing an acquirer making an open offer to also delist under the Delisting Regulations, 2009, with specific disclosure conditions. In December 2021, the Third Amendment Regulations substituted the old Regulation 5A with a comprehensive new framework referencing the updated Delisting Regulations, 2021. The new Regulation 5A introduced: (a) detailed conditions for acquirer eligibility; (b) a two-payment structure (indicative price if delisting threshold met, open offer price if not); (c) a two-attempt delisting structure; and (d) updated timelines for withdrawal announcements.",extractive,Hard
TMP_085,TMP,SEBI,"Securities and Exchange Board of India (Substantial Acquisition of Shares and Takeovers) Regulations, 2011","Regulation 10(1)(b)(viii): Invocation of pledge by Scheduled Commercial Banks or Public Financial Institutions as a pledgee was listed as an acquisition in the ordinary course of business exempt from open offer obligations. Regulation 29(4) proviso: the disclosure requirement on encumbrance does not apply to a scheduled commercial bank or public financial institution or a housing finance company or a systemically important non-banking financial company as pledgee. The housing finance company and SBNFC exemption was inserted by the Third Amendment Regulations, 2018, w.e.f. 31-12-2018.","When were housing finance companies and systemically important NBFCs added to the list of pledgees exempt from disclosure obligations under the encumbrance provisions of SEBI Takeovers Regulations, and what was the scope of the original exemption?","The original exemption in Regulation 29(4) covered only scheduled commercial banks and public financial institutions acting as pledgees in ordinary business. The Third Amendment Regulations, 2018, effective December 31, 2018, expanded this to also include housing finance companies (registered with NHB, deposit-taking or with asset size of Rs 500 crore or more) and systemically important non-banking financial companies. The expansion recognised the growing role of these institutions as lenders against pledged shares.",extractive,Hard
TMP_086,TMP,SEBI,"Securities and Exchange Board of India (Substantial Acquisition of Shares and Takeovers) Regulations, 2011","Regulation 30 (continual disclosures) was omitted by the SEBI (SAST) (Second Amendment) Regulations, 2021, w.e.f. 1-4-2022. Prior to omission, Regulation 30 required every person holding 25%+ and all promoters to disclose their aggregate shareholding as of March 31 each year within 7 working days from year-end. Regulation 29(1) was also substituted by the same amendment, shifting from requiring disclosure only by the acquirer doing the acquisition to requiring disclosure by any acquirer (together with PAC) whose aggregate acquisition reaches 5% or more.","What happened to the annual continual disclosure requirement for promoters and major shareholders under SEBI Takeovers Regulations 2011, and when was it removed?","Regulation 30, which required every person holding 25% or more of voting rights and all promoters to disclose their aggregate shareholding as of March 31 each financial year (within 7 working days from year-end), was omitted by the Second Amendment Regulations, 2021, with effect from April 1, 2022. This was part of a broader overhaul of disclosure obligations, including changes to Regulation 29. The annual continual disclosure was likely subsumed into or replaced by disclosure requirements under the Listing Obligations and Disclosure Requirements Regulations, 2015.",extractive,Hard
TMP_087,TMP,SEBI,"Securities and Exchange Board of India (Substantial Acquisition of Shares and Takeovers) Regulations, 2011","Regulation 8(2)(e) prior to 2025: price for infrequently traded shares was determined by 'the acquirer and the manager to the open offer'. Substituted by the SEBI (SAST) (Amendment) Regulations, 2025, w.e.f. 03-01-2026, to require 'an independent registered valuer'. The same amendment also substituted similar references in Regulation 8(4) and Regulation 9(5). A 9-month transition period was provided for ongoing valuation assignments.","What significant change did the SEBI Takeovers Amendment Regulations, 2025 make to who can conduct share valuations for open offers, and what transitional protection was provided for ongoing assignments?","The 2025 Amendment Regulations, effective January 3, 2026, replaced the requirement that valuations for infrequently traded shares (Regulation 8(2)(e) and 8(4)) and consideration shares (Regulation 9(5)) be done by the acquirer and the manager to the open offer (or an independent merchant banker/chartered accountant with 10 years' experience) with the requirement for an independent registered valuer as defined under section 247 of the Companies Act, 2013. A transition period of 9 months was provided for valuation assignments already underway before the amendment came into force.",extractive,Medium
TMP_088,TMP,SEBI,"Securities and Exchange Board of India (Substantial Acquisition of Shares and Takeovers) Regulations, 2011","Regulation 31A (Regulatory Sandbox) was inserted by the SEBI (Regulatory Sandbox) (Amendment) Regulations, 2020, w.e.f. 17-04-2020. The regulation allows SEBI to exempt any person from the operation of all or any provisions of SEBI Takeovers Regulations for up to twelve months, for furthering innovation relating to testing new products, processes, services, business models in a live regulatory sandbox environment.","When was the regulatory sandbox exemption introduced into SEBI Takeovers Regulations 2011, and what is the maximum duration for which SEBI can grant such an exemption?","The regulatory sandbox provision (Regulation 31A) was inserted by the SEBI (Regulatory Sandbox) (Amendment) Regulations, 2020, effective April 17, 2020. SEBI can grant exemptions from any provisions of the Takeovers Regulations for a period not exceeding 12 months, subject to such conditions as SEBI deems appropriate, to enable testing of new products, processes, services, or business models in a live environment.",extractive,Easy
